-- phpMyAdmin SQL Dump
-- version 4.8.5
-- https://www.phpmyadmin.net/
--
-- Host: localhost
-- Generation Time: Mar 02, 2019 at 02:08 AM
-- Server version: 10.3.13-MariaDB
-- PHP Version: 7.3.2

SET SQL_MODE = "NO_AUTO_VALUE_ON_ZERO";
SET AUTOCOMMIT = 0;
START TRANSACTION;
SET time_zone = "+00:00";


/*!40101 SET @OLD_CHARACTER_SET_CLIENT=@@CHARACTER_SET_CLIENT */;
/*!40101 SET @OLD_CHARACTER_SET_RESULTS=@@CHARACTER_SET_RESULTS */;
/*!40101 SET @OLD_COLLATION_CONNECTION=@@COLLATION_CONNECTION */;
/*!40101 SET NAMES utf8mb4 */;

--
-- Database: `id8119546_sa`
--

-- --------------------------------------------------------

--
-- Table structure for table `account`
--

CREATE TABLE `account` (
  `id_account` varchar(10) NOT NULL,
  `nama_lengkap` varchar(255) NOT NULL,
  `username` varchar(255) NOT NULL,
  `password` varchar(255) NOT NULL,
  `level` varchar(255) NOT NULL,
  `alamat` text NOT NULL,
  `notlpn` varchar(255) NOT NULL,
  `email` varchar(255) NOT NULL,
  `gambar` text NOT NULL,
  `saldo` int(11) NOT NULL
) ENGINE=InnoDB DEFAULT CHARSET=latin1;

--
-- Dumping data for table `account`
--

INSERT INTO `account` (`id_account`, `nama_lengkap`, `username`, `password`, `level`, `alamat`, `notlpn`, `email`, `gambar`, `saldo`) VALUES
('a000000000', 'manager01', 'manager01', 'qwerty', 'manager', '', '', 'manager@gmail.com', 'a000000000.jpg', 160000),
('a000000001', 'staff01', 'staff01', 'qwerty', 'staff', '', '', 'staff@gmail.com', 'a000000001.jpg', 190099),
('a000000002', 'user01', 'user01', 'qwerty', 'pelanggan', '', '', 'user01@gmail.com', 'a000000002.jpg', 643360),
('a000000003', 'user02', 'user02', 'qwerty', 'pelanggan', '', '', '', '', 47840),
('a000000004', 'user03', 'user03', 'qwerty', 'pelanggan', '', '', '', '', 320),
('a000000005', 'user03', 'use', 'qwerty', 'pelanggan', 'hhhabw', '08ii', 'intan.delvira1@gmail.com', '', 186200),
('a000000006', 'pesek', 'pesek', 'monyong', 'pelanggan', 'jalan monyong block pesek', '111222333444', 'intanpesek@monyong.com', '', 547000),
('a000000007', 'user04', 'user04', 'qwerty', 'pelanggan', '', '', 'user04@gmail.com', '', 0),
('a000000008', 'user05', 'user05', 'qwerty', 'pelanggan', '', '', 'user05@gmail.com', '', 0),
('a000000009', 'user06', 'user06', 'qwerty', 'pelanggan', '', '', 'user06@gmail.com', '', 3400),
('a000000010', 'lieswanto sudjono', 'esaunggul', 'esa1993', 'pelanggan', 'di dunia', '087870777703', 'riesknockout@gmail.com', '', 199954400);

-- --------------------------------------------------------

--
-- Table structure for table `menu`
--

CREATE TABLE `menu` (
  `id_menu` varchar(10) COLLATE utf8_unicode_ci NOT NULL,
  `nama` varchar(255) COLLATE utf8_unicode_ci NOT NULL,
  `harga` int(11) NOT NULL,
  `keterangan` text COLLATE utf8_unicode_ci NOT NULL,
  `gambar` text COLLATE utf8_unicode_ci NOT NULL,
  `jenis` varchar(255) COLLATE utf8_unicode_ci NOT NULL
) ENGINE=InnoDB DEFAULT CHARSET=utf8 COLLATE=utf8_unicode_ci;

--
-- Dumping data for table `menu`
--

INSERT INTO `menu` (`id_menu`, `nama`, `harga`, `keterangan`, `gambar`, `jenis`) VALUES
('m000000001', 'shusi salmon skin', 10000, 'alacarte', 'm000000001.jpg', 'dessert'),
('m000000002', 'beef', 2000, 'medium beff', 'm000000002.jpg', 'makanan'),
('m000000004', 'fish ball', 5900, 'bakso ikan', 'm000000004.jpg', 'makanan'),
('m000000005', 'jus sirsak', 6000, 'jus', 'm000000005.jpg', 'minuman'),
('m000000006', 'tomyam soup', 20, 'sup', 'm000000006.jpg', 'makanan'),
('m000000007', 'jamur enoki', 15000, 'jamur enoki', 'm000000007.jpg', 'makanan');

-- --------------------------------------------------------

--
-- Table structure for table `pesan`
--

CREATE TABLE `pesan` (
  `id_pesan` varchar(10) COLLATE utf8_unicode_ci NOT NULL,
  `tgl_input` datetime NOT NULL,
  `user_input` varchar(10) COLLATE utf8_unicode_ci NOT NULL,
  `pembayaran` varchar(10) COLLATE utf8_unicode_ci NOT NULL,
  `total` int(11) NOT NULL,
  `makan` varchar(10) COLLATE utf8_unicode_ci NOT NULL,
  `tgl_dpt_meja` datetime NOT NULL,
  `meja` varchar(255) COLLATE utf8_unicode_ci NOT NULL,
  `flag` int(1) NOT NULL
) ENGINE=InnoDB DEFAULT CHARSET=utf8 COLLATE=utf8_unicode_ci;

--
-- Dumping data for table `pesan`
--

INSERT INTO `pesan` (`id_pesan`, `tgl_input`, `user_input`, `pembayaran`, `total`, `makan`, `tgl_dpt_meja`, `meja`, `flag`) VALUES
('p000000002', '2019-01-30 08:23:21', 'a000000002', 'saldo', 12000, 'dine in', '2019-02-05 20:37:09', 'meja_1', 3),
('p000000003', '2019-01-30 08:24:44', 'a000000003', 'saldo', 7900, 'dine in', '2019-02-05 20:37:20', 'meja_2', 3),
('p000000004', '2019-01-30 08:32:53', 'a000000004', 'saldo', 7900, 'dine in', '2019-02-05 20:38:56', 'meja_1', 3),
('p000000005', '2019-02-03 01:49:56', 'a000000000', 'saldo', 11900, 'dine in', '2019-02-05 21:25:17', 'meja_1', 3),
('p000000006', '2019-02-03 01:56:00', 'a000000001', 'saldo', 11900, 'dine in', '2019-02-05 21:25:36', 'meja_2', 3),
('p000000007', '2019-02-05 20:16:48', 'a000000004', 'saldo', 20000, 'dine in', '2019-02-05 21:20:16', 'meja_2', 3),
('p000000008', '2019-02-05 20:18:03', 'a000000002', 'saldo', 45000, 'dine in', '2019-02-05 21:20:07', 'meja_1', 3),
('p000000009', '2019-02-05 20:18:31', 'a000000003', 'saldo', 29900, 'dine in', '2019-02-05 21:30:34', 'meja_1', 3),
('p000000010', '2019-02-09 06:07:40', 'a000000002', 'saldo', 17800, 'dine in', '2019-02-09 06:07:40', 'meja_1', 3),
('p000000011', '2019-02-09 06:12:03', 'a000000000', 'cash', 120, 'dine in', '2019-02-09 06:12:03', 'meja_2', 3),
('p000000012', '2019-02-09 14:44:42', 'a000000002', 'saldo', 11900, 'take away', '2019-02-09 14:44:42', 'meja_1', 3),
('p000000013', '2019-02-09 14:48:35', 'a000000002', 'saldo', 27900, 'dine in', '2019-02-09 14:48:35', 'meja_1', 3),
('p000000014', '2019-02-09 15:08:33', 'a000000002', 'saldo', 37900, 'dine in', '2019-02-09 15:08:33', 'meja_1', 3),
('p000000015', '2019-02-09 18:52:54', 'a000000002', 'saldo', 9000, 'dine in', '2019-02-09 18:52:54', 'meja_1', 3),
('p000000016', '2019-02-09 18:55:31', 'a000000001', 'cash', 20000, 'dine in', '2019-02-09 18:55:31', 'meja_2', 3),
('p000000017', '2019-02-09 19:06:04', 'a000000006', 'saldo', 8000, 'dine in', '2019-02-09 19:06:04', 'meja_1', 3),
('p000000018', '2019-02-09 19:06:45', 'a000000000', 'cash', 120000, 'dine in', '2019-02-09 19:06:45', 'meja_2', 3),
('p000000019', '2019-02-09 19:53:53', 'a000000004', 'saldo', 12000, 'dine in', '2019-02-09 19:53:53', 'meja_2', 3),
('p000000020', '2019-02-09 20:03:21', 'a000000002', 'saldo', 30000, 'dine in', '2019-02-09 20:03:21', 'meja_1', 3),
('p000000021', '2019-02-09 20:04:16', 'a000000005', 'saldo', 63800, 'dine in', '2019-02-09 20:04:16', 'meja_2', 3),
('p000000022', '2019-02-09 20:15:16', 'a000000004', 'saldo', 12000, 'dine in', '2019-02-09 20:20:17', 'meja_1', 3),
('p000000023', '2019-02-09 20:20:42', 'a000000000', 'cash', 18000, 'dine in', '2019-02-09 20:20:42', 'meja_2', 3),
('p000000024', '2019-02-09 20:22:26', 'a000000001', 'cash', 16000, 'dine in', '2019-02-09 20:25:17', 'meja_1', 3),
('p000000025', '2019-02-09 20:23:10', 'a000000001', 'cash', 29500, 'dine in', '2019-02-09 20:25:44', 'meja_2', 3),
('p000000026', '2019-02-09 20:23:12', 'a000000002', 'saldo', 14000, 'dine in', '2019-02-09 20:30:17', 'meja_1', 3),
('p000000027', '2019-02-09 20:23:24', 'a000000001', 'saldo', 26000, 'dine in', '2019-02-09 20:30:45', 'meja_2', 3),
('p000000028', '2019-02-09 20:25:04', 'a000000000', 'cash', 24000, 'dine in', '2019-02-09 20:35:17', 'meja_1', 3),
('p000000029', '2019-02-09 20:26:18', 'a000000000', 'cash', 6000, 'dine in', '2019-02-09 20:35:17', 'meja_1', 3),
('p000000030', '2019-02-09 20:37:03', 'a000000001', 'cash', 6000, 'dine in', '2019-02-09 20:37:03', 'meja_2', 3),
('p000000031', '2019-02-09 21:22:41', 'a000000002', 'saldo', 36000, 'dine in', '2019-02-09 21:22:41', 'meja_1', 3),
('p000000032', '2019-02-09 21:23:15', 'a000000001', 'cash', 69600, 'dine in', '2019-02-09 21:23:15', 'meja_2', 3),
('p000000033', '2019-02-09 21:23:24', 'a000000001', 'cash', 34000, 'dine in', '2019-02-09 21:27:44', 'meja_1', 3),
('p000000034', '2019-02-09 21:23:59', 'a000000001', 'cash', 40000, 'dine in', '2019-02-09 21:28:16', 'meja_2', 3),
('p000000035', '2019-02-09 21:25:56', 'a000000004', 'saldo', 20000, 'dine in', '2019-02-09 21:32:46', 'meja_1', 3),
('p000000036', '2019-02-09 21:30:34', 'a000000002', 'saldo', 11900, 'dine in', '2019-02-09 21:33:16', 'meja_2', 3),
('p000000037', '2019-02-09 21:37:47', 'a000000003', 'saldo', 19800, 'dine in', '2019-02-09 21:37:47', 'meja_1', 3),
('p000000038', '2019-02-09 21:49:45', 'a000000004', 'saldo', 20, 'dine in', '2019-02-09 21:49:45', 'meja_1', 3),
('p000000039', '2019-02-09 21:50:13', 'a000000002', 'saldo', 2000, 'dine in', '2019-02-09 21:50:13', 'meja_2', 3),
('p000000040', '2019-02-09 21:50:32', 'a000000003', 'saldo', 15000, 'dine in', '2019-02-09 21:58:48', 'meja_1', 3),
('p000000041', '2019-02-09 22:01:17', 'a000000001', 'cash', 8000, 'dine in', '2019-02-09 22:01:17', 'meja_2', 3),
('p000000042', '2019-02-09 22:01:35', 'a000000002', 'saldo', 12000, 'dine in', '2019-02-09 22:03:48', 'meja_1', 3),
('p000000043', '2019-02-09 22:03:47', 'a000000004', 'saldo', 20, 'dine in', '2019-02-09 22:06:18', 'meja_2', 3),
('p000000044', '2019-02-09 22:07:03', 'a000000001', 'cash', 6000, 'dine in', '2019-02-09 22:08:48', 'meja_1', 3),
('p000000045', '2019-02-09 22:07:09', 'a000000001', 'cash', 8000, 'dine in', '2019-02-09 22:11:19', 'meja_2', 3),
('p000000046', '2019-02-09 22:07:15', 'a000000001', 'cash', 18000, 'dine in', '2019-02-09 22:13:48', 'meja_1', 3),
('p000000047', '2019-02-09 22:07:52', 'a000000003', 'saldo', 17700, 'dine in', '2019-02-09 22:16:19', 'meja_2', 3),
('p000000048', '2019-02-10 04:36:13', 'a000000004', 'saldo', 40, 'dine in', '2019-02-10 04:36:13', 'meja_1', 3),
('p000000049', '2019-02-10 05:14:09', 'a000000001', 'cash', 10000, 'dine in', '2019-02-10 05:14:09', 'meja_1', 3),
('p000000050', '2019-02-10 06:00:27', 'a000000009', 'saldo', 10500, 'dine in', '2019-02-10 06:00:27', 'meja_1', 3),
('p000000051', '2019-02-10 06:58:42', 'a000000009', 'saldo', 12000, 'dine in', '2019-02-10 06:58:42', 'meja_1', 3),
('p000000052', '2019-02-10 06:58:42', 'a000000009', 'saldo', 12000, 'dine in', '2019-02-10 06:58:42', 'meja_2', 3),
('p000000053', '2019-02-10 07:06:43', 'a000000009', 'saldo', 10000, 'dine in', '2019-02-10 07:06:43', 'meja_1', 3),
('p000000054', '2019-02-10 07:15:04', 'a000000009', 'saldo', 2000, 'dine in', '2019-02-10 07:15:04', 'meja_1', 3),
('p000000055', '2019-02-10 07:23:37', 'a000000009', 'saldo', 20, 'dine in', '2019-02-10 07:23:37', 'meja_1', 3),
('p000000056', '2019-02-10 13:20:04', 'a000000009', 'saldo', 20, 'dine in', '2019-02-10 13:20:04', 'meja_2', 3),
('p000000057', '2019-02-10 13:46:17', 'a000000009', 'saldo', 20, 'dine in', '2019-02-10 13:46:17', 'meja_2', 3),
('p000000058', '2019-02-10 13:59:24', 'a000000009', 'saldo', 20, 'dine in', '2019-02-10 13:59:24', 'meja_2', 3),
('p000000059', '2019-02-10 14:05:12', 'a000000009', 'saldo', 20, 'dine in', '2019-02-10 14:05:12', 'meja_2', 3),
('p000000060', '2019-02-13 19:31:51', 'a000000010', 'saldo', 8000, 'dine in', '2019-02-13 19:31:51', 'meja_1', 3),
('p000000061', '2019-02-13 19:35:27', 'a000000002', 'saldo', 35700, 'dine in', '2019-02-13 19:35:27', 'meja_2', 3),
('p000000062', '2019-02-13 19:35:54', 'a000000001', 'cash', 46000, 'dine in', '2019-02-13 19:36:53', 'meja_1', 3),
('p000000063', '2019-02-13 19:53:25', 'a000000010', 'saldo', 59600, 'dine in', '2019-02-13 19:53:25', 'meja_1', 3),
('p000000064', '2019-02-13 19:54:17', 'a000000001', 'cash', 41600, 'dine in', '2019-02-13 19:54:17', 'meja_2', 3),
('p000000065', '2019-02-13 19:54:25', 'a000000001', 'cash', 29700, 'dine in', '2019-02-13 19:58:27', 'meja_1', 3),
('p000000066', '2019-02-13 19:55:05', 'a000000001', 'cash', 29700, 'dine in', '2019-02-13 19:59:19', 'meja_2', 3),
('p000000067', '2019-02-13 19:55:58', 'a000000002', 'saldo', 41600, 'dine in', '2019-02-13 20:03:29', 'meja_1', 3),
('p000000068', '2019-02-14 13:06:13', 'a000000001', 'saldo', 53700, 'dine in', '2019-02-14 13:06:13', 'meja_1', 3),
('p000000069', '2019-02-14 13:07:56', 'a000000001', 'cash', 30000, 'dine in', '2019-02-14 13:07:56', 'meja_2', 3),
('p000000070', '2019-02-14 13:09:19', 'a000000002', 'saldo', 140, 'dine in', '2019-02-14 13:11:19', 'meja_1', 3),
('p000000071', '2019-02-18 16:16:02', 'a000000002', 'saldo', 11800, 'dine in', '2019-02-18 16:16:02', 'meja_1', 3);

-- --------------------------------------------------------

--
-- Table structure for table `pesan_detail`
--

CREATE TABLE `pesan_detail` (
  `id_pesan` varchar(10) COLLATE utf8_unicode_ci NOT NULL,
  `id_menu` varchar(10) COLLATE utf8_unicode_ci NOT NULL,
  `harga` int(11) NOT NULL,
  `qty` int(11) NOT NULL,
  `total` int(11) NOT NULL
) ENGINE=InnoDB DEFAULT CHARSET=utf8 COLLATE=utf8_unicode_ci;

--
-- Dumping data for table `pesan_detail`
--

INSERT INTO `pesan_detail` (`id_pesan`, `id_menu`, `harga`, `qty`, `total`) VALUES
('p000000002', 'm000000005', 6000, 2, 12000),
('p000000003', 'm000000002', 2000, 1, 2000),
('p000000003', 'm000000004', 5900, 1, 5900),
('p000000004', 'm000000002', 2000, 1, 2000),
('p000000004', 'm000000004', 5900, 1, 5900),
('p000000004', 'm000000002', 2000, 1, 2000),
('p000000004', 'm000000004', 5900, 1, 5900),
('p000000005', 'm000000004', 5900, 1, 5900),
('p000000005', 'm000000005', 6000, 1, 6000),
('p000000006', 'm000000004', 5900, 1, 5900),
('p000000006', 'm000000005', 6000, 1, 6000),
('p000000007', 'm000000001', 10000, 2, 20000),
('p000000008', 'm000000001', 10000, 3, 30000),
('p000000008', 'm000000007', 15000, 1, 15000),
('p000000009', 'm000000001', 10000, 2, 20000),
('p000000009', 'm000000002', 2000, 2, 4000),
('p000000009', 'm000000004', 5900, 1, 5900),
('p000000010', 'm000000002', 2000, 3, 6000),
('p000000010', 'm000000004', 5900, 2, 11800),
('p000000011', 'm000000006', 20, 6, 120),
('p000000012', 'm000000004', 5900, 1, 5900),
('p000000012', 'm000000005', 6000, 1, 6000),
('p000000013', 'm000000001', 10000, 1, 10000),
('p000000013', 'm000000002', 2000, 3, 6000),
('p000000013', 'm000000004', 5900, 1, 5900),
('p000000013', 'm000000005', 6000, 1, 6000),
('p000000014', 'm000000001', 10000, 3, 30000),
('p000000014', 'm000000002', 2000, 1, 2000),
('p000000014', 'm000000004', 5900, 1, 5900),
('p000000015', 'm000000008', 3000, 3, 9000),
('p000000016', 'm000000001', 10000, 2, 20000),
('p000000017', 'm000000002', 2000, 4, 8000),
('p000000018', 'm000000007', 15000, 8, 120000),
('p000000019', 'm000000001', 10000, 1, 10000),
('p000000019', 'm000000002', 2000, 1, 2000),
('p000000020', 'm000000001', 10000, 3, 30000),
('p000000021', 'm000000001', 10000, 4, 40000),
('p000000021', 'm000000002', 2000, 6, 12000),
('p000000021', 'm000000004', 5900, 2, 11800),
('p000000022', 'm000000001', 10000, 1, 10000),
('p000000022', 'm000000002', 2000, 1, 2000),
('p000000023', 'm000000005', 6000, 3, 18000),
('p000000024', 'm000000001', 10000, 1, 10000),
('p000000024', 'm000000002', 2000, 3, 6000),
('p000000025', 'm000000004', 5900, 5, 29500),
('p000000026', 'm000000002', 2000, 7, 14000),
('p000000027', 'm000000001', 10000, 2, 20000),
('p000000027', 'm000000002', 2000, 3, 6000),
('p000000028', 'm000000001', 10000, 2, 20000),
('p000000028', 'm000000002', 2000, 2, 4000),
('p000000029', 'm000000002', 2000, 3, 6000),
('p000000030', 'm000000002', 2000, 3, 6000),
('p000000031', 'm000000001', 10000, 3, 30000),
('p000000031', 'm000000002', 2000, 3, 6000),
('p000000032', 'm000000001', 10000, 4, 40000),
('p000000032', 'm000000002', 2000, 3, 6000),
('p000000032', 'm000000004', 5900, 4, 23600),
('p000000033', 'm000000001', 10000, 3, 30000),
('p000000033', 'm000000002', 2000, 2, 4000),
('p000000034', 'm000000001', 10000, 4, 40000),
('p000000035', 'm000000001', 10000, 2, 20000),
('p000000036', 'm000000004', 5900, 1, 5900),
('p000000036', 'm000000005', 6000, 1, 6000),
('p000000037', 'm000000002', 2000, 1, 2000),
('p000000037', 'm000000004', 5900, 2, 11800),
('p000000037', 'm000000005', 6000, 1, 6000),
('p000000038', 'm000000006', 20, 1, 20),
('p000000039', 'm000000002', 2000, 1, 2000),
('p000000040', 'm000000007', 15000, 1, 15000),
('p000000041', 'm000000002', 2000, 4, 8000),
('p000000042', 'm000000002', 2000, 6, 12000),
('p000000043', 'm000000006', 20, 1, 20),
('p000000044', 'm000000002', 2000, 3, 6000),
('p000000045', 'm000000002', 2000, 4, 8000),
('p000000046', 'm000000005', 6000, 3, 18000),
('p000000047', 'm000000004', 5900, 3, 17700),
('p000000048', 'm000000006', 20, 2, 40),
('p000000049', 'm000000001', 10000, 1, 10000),
('p000000050', 'm000000001', 10000, 1, 10000),
('p000000050', 'm000000010', 500, 1, 500),
('p000000051', 'm000000001', 10000, 1, 10000),
('p000000051', 'm000000002', 2000, 1, 2000),
('p000000052', 'm000000001', 10000, 1, 10000),
('p000000052', 'm000000002', 2000, 1, 2000),
('p000000053', 'm000000001', 10000, 1, 10000),
('p000000054', 'm000000002', 2000, 1, 2000),
('p000000055', 'm000000006', 20, 1, 20),
('p000000056', 'm000000006', 20, 1, 20),
('p000000057', 'm000000006', 20, 1, 20),
('p000000058', 'm000000006', 20, 1, 20),
('p000000059', 'm000000006', 20, 1, 20),
('p000000060', 'm000000002', 2000, 4, 8000),
('p000000061', 'm000000004', 5900, 3, 17700),
('p000000061', 'm000000005', 6000, 3, 18000),
('p000000062', 'm000000001', 10000, 4, 40000),
('p000000062', 'm000000002', 2000, 3, 6000),
('p000000063', 'm000000001', 10000, 3, 30000),
('p000000063', 'm000000002', 2000, 3, 6000),
('p000000063', 'm000000004', 5900, 4, 23600),
('p000000064', 'm000000004', 5900, 4, 23600),
('p000000064', 'm000000005', 6000, 3, 18000),
('p000000065', 'm000000004', 5900, 3, 17700),
('p000000065', 'm000000005', 6000, 2, 12000),
('p000000066', 'm000000004', 5900, 3, 17700),
('p000000066', 'm000000005', 6000, 2, 12000),
('p000000067', 'm000000004', 5900, 4, 23600),
('p000000067', 'm000000005', 6000, 3, 18000),
('p000000068', 'm000000001', 10000, 3, 30000),
('p000000068', 'm000000002', 2000, 3, 6000),
('p000000068', 'm000000004', 5900, 3, 17700),
('p000000069', 'm000000005', 6000, 5, 30000),
('p000000070', 'm000000006', 20, 7, 140),
('p000000071', 'm000000004', 5900, 2, 11800);

-- --------------------------------------------------------

--
-- Table structure for table `sensor_data`
--

CREATE TABLE `sensor_data` (
  `id_sensor` varchar(10) COLLATE utf8_unicode_ci NOT NULL,
  `tgl_input` datetime NOT NULL,
  `nilai` float NOT NULL,
  `posisi` varchar(255) COLLATE utf8_unicode_ci NOT NULL
) ENGINE=InnoDB DEFAULT CHARSET=utf8 COLLATE=utf8_unicode_ci;

--
-- Dumping data for table `sensor_data`
--

INSERT INTO `sensor_data` (`id_sensor`, `tgl_input`, `nilai`, `posisi`) VALUES
('1', '2019-02-10 13:04:40', -0.004, '0'),
('2', '2019-02-10 13:04:40', 0.042, '0'),
('1', '2019-02-10 13:04:43', -0.005, '0'),
('2', '2019-02-10 13:04:43', 0.041, '0'),
('1', '2019-02-10 13:04:46', -0.004, '0'),
('2', '2019-02-10 13:04:46', 0.043, '0'),
('1', '2019-02-10 13:04:49', -0.004, '0'),
('2', '2019-02-10 13:04:49', 0.042, '0'),
('1', '2019-02-10 13:04:51', -0.003, '0'),
('2', '2019-02-10 13:04:51', 0.043, '0'),
('1', '2019-02-10 13:04:54', -0.004, '0'),
('2', '2019-02-10 13:04:54', 0.038, '0'),
('1', '2019-02-10 13:04:58', 0.001, '0'),
('2', '2019-02-10 13:04:58', -0.33, '1'),
('1', '2019-02-10 13:05:01', 0, '0'),
('2', '2019-02-10 13:05:01', -0.328, '1'),
('1', '2019-02-10 13:05:03', 0.001, '0'),
('2', '2019-02-10 13:05:03', -0.328, '1'),
('1', '2019-02-10 13:05:07', -0.001, '0'),
('2', '2019-02-10 13:05:07', -0.329, '1'),
('1', '2019-02-10 13:05:10', 0, '0'),
('2', '2019-02-10 13:05:10', -0.327, '1'),
('1', '2019-02-10 13:05:13', -0.004, '0'),
('2', '2019-02-10 13:05:13', -0.326, '1'),
('1', '2019-02-10 13:05:16', -0.007, '0'),
('2', '2019-02-10 13:05:16', -0.327, '1'),
('1', '2019-02-10 13:05:19', -0.006, '0'),
('2', '2019-02-10 13:05:19', -0.326, '1'),
('1', '2019-02-10 13:05:22', -0.007, '0'),
('2', '2019-02-10 13:05:22', -0.327, '1'),
('1', '2019-02-10 13:05:26', -0.006, '0'),
('2', '2019-02-10 13:05:26', -0.327, '1'),
('1', '2019-02-10 13:05:30', -0.008, '0'),
('2', '2019-02-10 13:05:30', -0.328, '1'),
('1', '2019-02-10 13:05:33', -0.007, '0'),
('2', '2019-02-10 13:05:33', -0.328, '1'),
('1', '2019-02-10 13:05:36', -0.008, '0'),
('2', '2019-02-10 13:05:36', -0.327, '1'),
('1', '2019-02-10 13:05:38', -0.008, '0'),
('2', '2019-02-10 13:05:38', -0.328, '1'),
('1', '2019-02-10 13:05:41', -0.007, '0'),
('2', '2019-02-10 13:05:41', -0.329, '1'),
('1', '2019-02-10 13:05:44', -0.008, '0'),
('2', '2019-02-10 13:05:44', -0.328, '1'),
('1', '2019-02-10 13:05:48', -0.006, '0'),
('2', '2019-02-10 13:05:48', -0.329, '1'),
('1', '2019-02-10 13:05:51', -0.007, '0'),
('2', '2019-02-10 13:05:51', -0.329, '1'),
('1', '2019-02-10 13:05:54', -0.009, '0'),
('2', '2019-02-10 13:05:54', -0.329, '1'),
('1', '2019-02-10 13:05:57', -0.009, '0'),
('2', '2019-02-10 13:05:57', -0.329, '1'),
('1', '2019-02-10 13:05:59', -0.009, '0'),
('2', '2019-02-10 13:05:59', -0.331, '1'),
('1', '2019-02-10 13:18:45', -0.001, '0'),
('2', '2019-02-10 13:18:45', 0.001, '0'),
('1', '2019-02-10 13:19:22', -0.001, '0'),
('2', '2019-02-10 13:19:22', -0.001, '0'),
('1', '2019-02-10 13:19:25', -0.001, '0'),
('2', '2019-02-10 13:19:25', -0.001, '0'),
('1', '2019-02-10 13:19:28', -0, '0'),
('2', '2019-02-10 13:19:28', -0.005, '0'),
('1', '2019-02-10 13:19:31', -0.007, '0'),
('2', '2019-02-10 13:19:31', -0.066, '0'),
('1', '2019-02-10 13:19:34', -0.005, '0'),
('2', '2019-02-10 13:19:34', -0.377, '1'),
('1', '2019-02-10 13:19:37', -0.005, '0'),
('2', '2019-02-10 13:19:37', -0.378, '1'),
('1', '2019-02-10 13:19:40', -0.003, '0'),
('2', '2019-02-10 13:19:40', -0.378, '1'),
('1', '2019-02-10 13:19:43', -0.004, '0'),
('2', '2019-02-10 13:19:43', -0.383, '1'),
('1', '2019-02-10 13:19:47', -0.003, '0'),
('2', '2019-02-10 13:19:47', -0.073, '0'),
('1', '2019-02-10 13:19:50', -0.003, '0'),
('2', '2019-02-10 13:19:50', -0.069, '0'),
('1', '2019-02-10 13:19:53', -0.005, '0'),
('2', '2019-02-10 13:19:53', -0.07, '0'),
('1', '2019-02-10 13:19:57', -0.004, '0'),
('2', '2019-02-10 13:19:57', -0.068, '0'),
('1', '2019-02-10 13:20:00', -0.004, '0'),
('2', '2019-02-10 13:20:00', -0.071, '0'),
('1', '2019-02-10 13:20:03', -0.003, '0'),
('2', '2019-02-10 13:20:03', -0.07, '0'),
('1', '2019-02-10 13:20:06', -0.004, '0'),
('2', '2019-02-10 13:20:06', -0.069, '0'),
('1', '2019-02-10 13:20:09', -0.005, '0'),
('2', '2019-02-10 13:20:09', -0.069, '0'),
('1', '2019-02-10 13:20:12', 0.011, '0'),
('2', '2019-02-10 13:20:12', -0.07, '0'),
('1', '2019-02-10 13:20:15', -0.144, '0'),
('2', '2019-02-10 13:20:15', -0.238, '1'),
('1', '2019-02-10 13:20:18', 3.511, '1'),
('2', '2019-02-10 13:20:18', -0.381, '1'),
('1', '2019-02-10 13:20:21', -0.005, '0'),
('2', '2019-02-10 13:20:21', -0.381, '1'),
('1', '2019-02-10 13:20:24', -0.008, '0'),
('2', '2019-02-10 13:20:24', -0.382, '1'),
('1', '2019-02-10 13:20:27', -0.008, '0'),
('2', '2019-02-10 13:20:27', -0.383, '1'),
('1', '2019-02-10 13:20:30', -0.005, '0'),
('2', '2019-02-10 13:20:30', -0.381, '1'),
('1', '2019-02-10 13:20:33', -0.006, '0'),
('2', '2019-02-10 13:20:33', -0.383, '1'),
('1', '2019-02-10 13:20:36', -0.004, '0'),
('2', '2019-02-10 13:20:36', -0.383, '1'),
('1', '2019-02-10 13:20:39', -0.005, '0'),
('2', '2019-02-10 13:20:39', -0.382, '1'),
('1', '2019-02-10 13:20:42', -0.004, '0'),
('2', '2019-02-10 13:20:42', -0.041, '0'),
('1', '2019-02-10 13:20:45', -0.003, '0'),
('2', '2019-02-10 13:20:45', -0.027, '0'),
('1', '2019-02-10 13:20:48', -0.004, '0'),
('2', '2019-02-10 13:20:48', -0.02, '0'),
('1', '2019-02-10 13:20:51', -0.005, '0'),
('2', '2019-02-10 13:20:51', -0.017, '0'),
('1', '2019-02-10 13:20:54', -85.772, '1'),
('2', '2019-02-10 13:20:54', -0.051, '0'),
('1', '2019-02-10 13:20:57', -0.006, '0'),
('2', '2019-02-10 13:20:57', -0.379, '1'),
('1', '2019-02-10 13:21:00', -0.005, '0'),
('2', '2019-02-10 13:21:00', -0.377, '1'),
('1', '2019-02-10 13:21:03', -0.006, '0'),
('2', '2019-02-10 13:21:03', -0.377, '1'),
('1', '2019-02-10 13:21:06', -0.006, '0'),
('2', '2019-02-10 13:21:06', -0.375, '1'),
('1', '2019-02-10 13:21:09', -0.005, '0'),
('2', '2019-02-10 13:21:09', -0.374, '1'),
('1', '2019-02-10 13:21:12', -0.006, '0'),
('2', '2019-02-10 13:21:12', -0.374, '1'),
('1', '2019-02-10 13:21:15', -0.006, '0'),
('2', '2019-02-10 13:21:15', -0.372, '1'),
('1', '2019-02-10 13:21:18', -0.007, '0'),
('2', '2019-02-10 13:21:18', -0.373, '1'),
('1', '2019-02-10 13:21:21', -0.009, '0'),
('2', '2019-02-10 13:21:21', -0.028, '0'),
('1', '2019-02-10 13:44:26', -0.003, '0'),
('2', '2019-02-10 13:44:26', 0, '0'),
('1', '2019-02-10 13:44:29', -0.001, '0'),
('2', '2019-02-10 13:44:29', 0.002, '0'),
('1', '2019-02-10 13:44:32', -0.001, '0'),
('2', '2019-02-10 13:44:32', 0.001, '0'),
('1', '2019-02-10 13:44:35', 0.004, '0'),
('2', '2019-02-10 13:44:35', 0.001, '0'),
('1', '2019-02-10 13:44:38', 0.01, '0'),
('2', '2019-02-10 13:44:38', 0.002, '0'),
('1', '2019-02-10 13:44:41', 0.015, '0'),
('2', '2019-02-10 13:44:41', 0.002, '0'),
('1', '2019-02-10 13:44:44', 0.01, '0'),
('2', '2019-02-10 13:44:44', 0.001, '0'),
('1', '2019-02-10 13:44:47', 0.001, '0'),
('2', '2019-02-10 13:44:47', 0.003, '0'),
('1', '2019-02-10 13:44:49', 0.005, '0'),
('2', '2019-02-10 13:44:49', -0.145, '0'),
('1', '2019-02-10 13:44:53', 0.001, '0'),
('2', '2019-02-10 13:44:53', -0.136, '0'),
('1', '2019-02-10 13:44:56', 0.002, '0'),
('2', '2019-02-10 13:44:56', -0.319, '1'),
('1', '2019-02-10 13:44:59', 0.001, '0'),
('2', '2019-02-10 13:44:59', -0.317, '1'),
('1', '2019-02-10 13:45:02', 0.007, '0'),
('2', '2019-02-10 13:45:02', -0.318, '1'),
('1', '2019-02-10 13:45:06', 0.002, '0'),
('2', '2019-02-10 13:45:06', -0.319, '1'),
('1', '2019-02-10 13:45:09', 0.003, '0'),
('2', '2019-02-10 13:45:09', -0.318, '1'),
('1', '2019-02-10 13:45:12', 0.007, '0'),
('2', '2019-02-10 13:45:12', -0.319, '1'),
('1', '2019-02-10 13:45:14', 0.001, '0'),
('2', '2019-02-10 13:45:14', -0.318, '1'),
('1', '2019-02-10 13:45:17', -0.002, '0'),
('2', '2019-02-10 13:45:17', -0.097, '0'),
('1', '2019-02-10 13:45:21', -0.001, '0'),
('2', '2019-02-10 13:45:21', -0.095, '0'),
('1', '2019-02-10 13:45:24', -0.001, '0'),
('2', '2019-02-10 13:45:24', -0.095, '0'),
('1', '2019-02-10 13:45:26', -0.002, '0'),
('2', '2019-02-10 13:45:26', 0.998, '1'),
('1', '2019-02-10 13:45:29', 0.002, '0'),
('2', '2019-02-10 13:45:29', 0.019, '0'),
('1', '2019-02-10 13:45:33', -0, '0'),
('2', '2019-02-10 13:45:33', 0.013, '0'),
('1', '2019-02-10 13:45:35', 0, '0'),
('2', '2019-02-10 13:45:35', 0.043, '0'),
('1', '2019-02-10 13:45:39', 0, '0'),
('2', '2019-02-10 13:45:39', -0.357, '1'),
('1', '2019-02-10 13:45:42', -0.002, '0'),
('2', '2019-02-10 13:45:42', 0.01, '0'),
('1', '2019-02-10 13:45:46', 0.002, '0'),
('2', '2019-02-10 13:45:46', 0.013, '0'),
('1', '2019-02-10 13:45:49', -0.003, '0'),
('2', '2019-02-10 13:45:49', 0.01, '0'),
('1', '2019-02-10 13:45:52', -0, '0'),
('2', '2019-02-10 13:45:52', 0.009, '0'),
('1', '2019-02-10 13:45:55', 0.001, '0'),
('2', '2019-02-10 13:45:55', 0.01, '0'),
('1', '2019-02-10 13:45:57', 0.001, '0'),
('2', '2019-02-10 13:45:57', 0.009, '0'),
('1', '2019-02-10 13:46:00', 0, '0'),
('2', '2019-02-10 13:46:00', 0.009, '0'),
('1', '2019-02-10 13:46:04', 0.001, '0'),
('2', '2019-02-10 13:46:04', 0.009, '0'),
('1', '2019-02-10 13:46:07', 0.001, '0'),
('2', '2019-02-10 13:46:07', 0.008, '0'),
('1', '2019-02-10 13:46:10', 0.001, '0'),
('2', '2019-02-10 13:46:10', 0.009, '0'),
('1', '2019-02-10 13:46:13', -0.006, '0'),
('2', '2019-02-10 13:46:13', 0.008, '0'),
('1', '2019-02-10 13:46:15', 0.001, '0'),
('2', '2019-02-10 13:46:15', 0.006, '0'),
('1', '2019-02-10 13:46:18', 0.001, '0'),
('2', '2019-02-10 13:46:18', 0.008, '0'),
('1', '2019-02-10 13:46:21', 0.001, '0'),
('2', '2019-02-10 13:46:21', 0.007, '0'),
('1', '2019-02-10 13:46:24', 0.001, '0'),
('2', '2019-02-10 13:46:24', 0.008, '0'),
('1', '2019-02-10 13:46:27', 0, '0'),
('2', '2019-02-10 13:46:27', 0.008, '0'),
('1', '2019-02-10 13:46:30', 0.001, '0'),
('2', '2019-02-10 13:46:30', -0.154, '1'),
('1', '2019-02-10 13:46:33', 0.003, '0'),
('2', '2019-02-10 13:46:33', -0.314, '1'),
('1', '2019-02-10 13:46:36', 0.002, '0'),
('2', '2019-02-10 13:46:36', -0.315, '1'),
('1', '2019-02-10 13:46:39', 0.002, '0'),
('2', '2019-02-10 13:46:39', -0.315, '1'),
('1', '2019-02-10 13:46:42', 0.002, '0'),
('2', '2019-02-10 13:46:42', -0.314, '1'),
('1', '2019-02-10 13:46:45', -0.001, '0'),
('2', '2019-02-10 13:46:45', -0.314, '1'),
('1', '2019-02-10 13:46:48', 0.001, '0'),
('2', '2019-02-10 13:46:48', -0.314, '1'),
('1', '2019-02-10 13:46:51', 0.002, '0'),
('2', '2019-02-10 13:46:51', -0.312, '1'),
('1', '2019-02-10 13:46:53', 0.001, '0'),
('2', '2019-02-10 13:46:53', -0.314, '1'),
('1', '2019-02-10 13:46:56', 0.002, '0'),
('2', '2019-02-10 13:46:56', -0.315, '1'),
('1', '2019-02-10 13:47:00', 0.003, '0'),
('2', '2019-02-10 13:47:00', -0.313, '1'),
('1', '2019-02-10 13:47:03', 0.001, '0'),
('2', '2019-02-10 13:47:03', -0.31, '1'),
('1', '2019-02-10 13:47:06', 0.002, '0'),
('2', '2019-02-10 13:47:06', -0.313, '1'),
('1', '2019-02-10 13:47:09', 0.002, '0'),
('2', '2019-02-10 13:47:09', -0.312, '1'),
('1', '2019-02-10 13:47:12', 0.001, '0'),
('2', '2019-02-10 13:47:12', -0.314, '1'),
('1', '2019-02-10 13:47:15', 0.002, '0'),
('2', '2019-02-10 13:47:15', -0.313, '1'),
('1', '2019-02-10 13:47:18', 0, '0'),
('2', '2019-02-10 13:47:18', -0.313, '1'),
('1', '2019-02-10 13:47:20', 0.001, '0'),
('2', '2019-02-10 13:47:20', -0.313, '1'),
('1', '2019-02-10 13:47:23', 0, '0'),
('2', '2019-02-10 13:47:23', -0.312, '1'),
('1', '2019-02-10 13:47:26', 0, '0'),
('2', '2019-02-10 13:47:26', -0.312, '1'),
('1', '2019-02-10 13:47:29', 0.001, '0'),
('2', '2019-02-10 13:47:29', -0.312, '1'),
('1', '2019-02-10 13:47:32', 0.001, '0'),
('2', '2019-02-10 13:47:32', -0.314, '1'),
('1', '2019-02-10 13:47:35', 0, '0'),
('2', '2019-02-10 13:47:35', -0.312, '1'),
('1', '2019-02-10 13:47:38', 0.001, '0'),
('2', '2019-02-10 13:47:38', -0.313, '1'),
('1', '2019-02-10 13:47:41', -0.001, '0'),
('2', '2019-02-10 13:47:41', -0.314, '1'),
('1', '2019-02-10 13:47:44', 0.002, '0'),
('2', '2019-02-10 13:47:44', -0.314, '1'),
('1', '2019-02-10 13:47:47', 0.001, '0'),
('2', '2019-02-10 13:47:47', -0.317, '1'),
('1', '2019-02-10 13:47:50', 0.001, '0'),
('2', '2019-02-10 13:47:50', -0.316, '1'),
('1', '2019-02-10 13:47:53', 0.001, '0'),
('2', '2019-02-10 13:47:53', -0.316, '1'),
('1', '2019-02-10 13:47:55', 0.001, '0'),
('2', '2019-02-10 13:47:55', -0.316, '1'),
('1', '2019-02-10 13:47:58', 0.001, '0'),
('2', '2019-02-10 13:47:58', -0.316, '1'),
('1', '2019-02-10 13:48:01', 0.001, '0'),
('2', '2019-02-10 13:48:01', -0.312, '1'),
('1', '2019-02-10 13:48:04', 0, '0'),
('2', '2019-02-10 13:48:04', -0.312, '1'),
('1', '2019-02-10 13:48:07', 0.001, '0'),
('2', '2019-02-10 13:48:07', -0.315, '1'),
('1', '2019-02-10 13:48:10', 0, '0'),
('2', '2019-02-10 13:48:10', -0.314, '1'),
('1', '2019-02-10 13:48:13', 0.002, '0'),
('2', '2019-02-10 13:48:13', -0.314, '1'),
('1', '2019-02-10 13:48:16', 0.001, '0'),
('2', '2019-02-10 13:48:16', -0.314, '1'),
('1', '2019-02-10 13:48:19', -0.002, '0'),
('2', '2019-02-10 13:48:19', -0.314, '1'),
('1', '2019-02-10 13:48:22', 0, '0'),
('2', '2019-02-10 13:48:22', -0.314, '1'),
('1', '2019-02-10 13:48:25', 0.001, '0'),
('2', '2019-02-10 13:48:25', -0.314, '1'),
('1', '2019-02-10 13:48:28', -0.001, '0'),
('2', '2019-02-10 13:48:28', -0.314, '1'),
('1', '2019-02-10 13:48:31', -0.005, '0'),
('2', '2019-02-10 13:48:31', -0.316, '1'),
('1', '2019-02-10 13:48:34', -0.001, '0'),
('2', '2019-02-10 13:48:34', -0.314, '1'),
('1', '2019-02-10 13:48:39', -0.007, '0'),
('2', '2019-02-10 13:48:39', -0.316, '1'),
('1', '2019-02-10 13:48:43', -0.007, '0'),
('2', '2019-02-10 13:48:43', -0.315, '1'),
('1', '2019-02-10 13:48:46', -0.01, '0'),
('2', '2019-02-10 13:48:46', -0.319, '1'),
('1', '2019-02-10 13:48:49', 0, '0'),
('2', '2019-02-10 13:48:49', -0.315, '1'),
('1', '2019-02-10 13:48:53', 0.001, '0'),
('2', '2019-02-10 13:48:53', -0.315, '1'),
('1', '2019-02-10 13:48:56', 0.001, '0'),
('2', '2019-02-10 13:48:56', -0.314, '1'),
('1', '2019-02-10 13:48:58', -0.001, '0'),
('2', '2019-02-10 13:48:58', -0.314, '1'),
('1', '2019-02-10 13:49:01', -0.011, '0'),
('2', '2019-02-10 13:49:01', -0.317, '1'),
('1', '2019-02-10 13:49:04', 0, '0'),
('2', '2019-02-10 13:49:04', -0.312, '1'),
('1', '2019-02-10 13:49:07', 0, '0'),
('2', '2019-02-10 13:49:07', -0.314, '1'),
('1', '2019-02-10 13:49:10', 0.003, '0'),
('2', '2019-02-10 13:49:10', -0.313, '1'),
('1', '2019-02-10 13:49:13', 0.001, '0'),
('2', '2019-02-10 13:49:13', -0.312, '1'),
('1', '2019-02-10 13:49:16', 0.001, '0'),
('2', '2019-02-10 13:49:16', -0.313, '1'),
('1', '2019-02-10 13:49:19', 0.002, '0'),
('2', '2019-02-10 13:49:19', -0.313, '1'),
('1', '2019-02-10 13:49:22', 0.002, '0'),
('2', '2019-02-10 13:49:22', -0.314, '1'),
('1', '2019-02-10 13:49:25', 0.002, '0'),
('2', '2019-02-10 13:49:25', -0.313, '1'),
('1', '2019-02-10 13:49:28', 0.002, '0'),
('2', '2019-02-10 13:49:28', -0.313, '1'),
('1', '2019-02-10 13:49:30', 0.002, '0'),
('2', '2019-02-10 13:49:30', -0.312, '1'),
('1', '2019-02-10 13:49:33', 0.002, '0'),
('2', '2019-02-10 13:49:33', -0.314, '1'),
('1', '2019-02-10 13:49:36', 0.002, '0'),
('2', '2019-02-10 13:49:36', -0.312, '1'),
('1', '2019-02-10 13:49:39', -0.035, '0'),
('2', '2019-02-10 13:49:39', -0.317, '1'),
('1', '2019-02-10 13:49:47', -0.006, '0'),
('2', '2019-02-10 13:49:47', -0.313, '1'),
('1', '2019-02-10 13:49:51', -0.005, '0'),
('2', '2019-02-10 13:49:51', -0.314, '1'),
('1', '2019-02-10 13:49:54', -0.008, '0'),
('2', '2019-02-10 13:49:54', -0.315, '1'),
('1', '2019-02-10 13:49:58', -0.006, '0'),
('2', '2019-02-10 13:49:58', -0.314, '1'),
('1', '2019-02-10 13:50:01', -0.009, '0'),
('2', '2019-02-10 13:50:01', -0.314, '1'),
('1', '2019-02-10 13:50:05', -0.002, '0'),
('2', '2019-02-10 13:50:05', -0.315, '1'),
('1', '2019-02-10 13:50:08', -0.003, '0'),
('2', '2019-02-10 13:50:08', -0.314, '1'),
('1', '2019-02-10 13:50:13', -0.002, '0'),
('2', '2019-02-10 13:50:13', -0.313, '1'),
('1', '2019-02-10 13:50:15', 0.002, '0'),
('2', '2019-02-10 13:50:15', -0.313, '1'),
('1', '2019-02-10 13:50:18', -0.002, '0'),
('2', '2019-02-10 13:50:18', -0.314, '1'),
('1', '2019-02-10 13:50:21', -0.003, '0'),
('2', '2019-02-10 13:50:21', -0.312, '1'),
('1', '2019-02-10 13:50:24', -0.002, '0'),
('2', '2019-02-10 13:50:24', -0.314, '1'),
('1', '2019-02-10 13:50:27', 0.002, '0'),
('2', '2019-02-10 13:50:27', -0.313, '1'),
('1', '2019-02-10 13:50:30', -0.003, '0'),
('2', '2019-02-10 13:50:30', -0.313, '1'),
('1', '2019-02-10 13:50:34', -0.002, '0'),
('2', '2019-02-10 13:50:34', -0.314, '1'),
('1', '2019-02-10 13:50:38', 0.002, '0'),
('2', '2019-02-10 13:50:38', -0.313, '1'),
('1', '2019-02-10 13:50:42', 0.002, '0'),
('2', '2019-02-10 13:50:42', -0.312, '1'),
('1', '2019-02-10 13:50:44', 0.003, '0'),
('2', '2019-02-10 13:50:44', -0.312, '1'),
('1', '2019-02-10 13:50:48', -0.002, '0'),
('2', '2019-02-10 13:50:48', -0.315, '1'),
('1', '2019-02-10 13:50:51', 0.002, '0'),
('2', '2019-02-10 13:50:51', -0.312, '1'),
('1', '2019-02-10 13:50:54', 0.002, '0'),
('2', '2019-02-10 13:50:54', -0.313, '1'),
('1', '2019-02-10 13:50:57', 0.001, '0'),
('2', '2019-02-10 13:50:57', -0.312, '1'),
('1', '2019-02-10 13:50:59', 0.003, '0'),
('2', '2019-02-10 13:50:59', -0.312, '1'),
('1', '2019-02-10 13:51:02', 0.003, '0'),
('2', '2019-02-10 13:51:02', -0.311, '1'),
('1', '2019-02-10 13:51:06', 0.003, '0'),
('2', '2019-02-10 13:51:06', -0.312, '1'),
('1', '2019-02-10 13:51:08', 0.003, '0'),
('2', '2019-02-10 13:51:08', -0.312, '1'),
('1', '2019-02-10 13:51:11', 0.003, '0'),
('2', '2019-02-10 13:51:11', -0.312, '1'),
('1', '2019-02-10 13:51:16', 0.003, '0'),
('2', '2019-02-10 13:51:16', -0.311, '1'),
('1', '2019-02-10 13:51:19', 0.002, '0'),
('2', '2019-02-10 13:51:19', -0.312, '1'),
('1', '2019-02-10 13:51:22', 0.003, '0'),
('2', '2019-02-10 13:51:22', -0.31, '1'),
('1', '2019-02-10 13:51:25', 0.003, '0'),
('2', '2019-02-10 13:51:25', -0.311, '1'),
('1', '2019-02-10 13:51:28', 0.002, '0'),
('2', '2019-02-10 13:51:28', -0.31, '1'),
('1', '2019-02-10 13:51:31', 0.002, '0'),
('2', '2019-02-10 13:51:31', -0.31, '1'),
('1', '2019-02-10 13:51:34', 0.001, '0'),
('2', '2019-02-10 13:51:34', -0.311, '1'),
('1', '2019-02-10 13:51:37', 0.002, '0'),
('2', '2019-02-10 13:51:37', -0.312, '1'),
('1', '2019-02-10 13:51:40', 0.002, '0'),
('2', '2019-02-10 13:51:40', -0.313, '1'),
('1', '2019-02-10 13:51:45', 0.001, '0'),
('2', '2019-02-10 13:51:45', -0.312, '1'),
('1', '2019-02-10 13:51:48', 0.002, '0'),
('2', '2019-02-10 13:51:48', -0.312, '1'),
('1', '2019-02-10 13:51:51', 0.002, '0'),
('2', '2019-02-10 13:51:51', -0.314, '1'),
('1', '2019-02-10 13:51:53', 0.002, '0'),
('2', '2019-02-10 13:51:53', -0.312, '1'),
('1', '2019-02-10 13:51:56', 0.002, '0'),
('2', '2019-02-10 13:51:56', -0.311, '1'),
('1', '2019-02-10 13:52:00', 0.003, '0'),
('2', '2019-02-10 13:52:00', -0.312, '1'),
('1', '2019-02-10 13:52:02', 0.001, '0'),
('2', '2019-02-10 13:52:02', -0.312, '1'),
('1', '2019-02-10 13:52:05', 0.002, '0'),
('2', '2019-02-10 13:52:05', -0.312, '1'),
('1', '2019-02-10 13:52:08', 0.002, '0'),
('2', '2019-02-10 13:52:08', -0.312, '1'),
('1', '2019-02-10 13:52:11', 0.002, '0'),
('2', '2019-02-10 13:52:11', -0.312, '1'),
('1', '2019-02-10 13:52:15', 0.001, '0'),
('2', '2019-02-10 13:52:15', -0.312, '1'),
('1', '2019-02-10 13:52:18', 0.002, '0'),
('2', '2019-02-10 13:52:18', -0.312, '1'),
('1', '2019-02-10 13:52:20', 0.001, '0'),
('2', '2019-02-10 13:52:20', -0.311, '1'),
('1', '2019-02-10 13:52:23', 0.001, '0'),
('2', '2019-02-10 13:52:23', -0.312, '1'),
('1', '2019-02-10 13:52:26', 0.002, '0'),
('2', '2019-02-10 13:52:26', -0.312, '1'),
('1', '2019-02-10 13:52:31', 0.001, '0'),
('2', '2019-02-10 13:52:31', -0.312, '1'),
('1', '2019-02-10 13:52:34', 0.002, '0'),
('2', '2019-02-10 13:52:34', -0.31, '1'),
('1', '2019-02-10 13:52:37', 0.001, '0'),
('2', '2019-02-10 13:52:37', -0.312, '1'),
('1', '2019-02-10 13:52:40', 0.001, '0'),
('2', '2019-02-10 13:52:40', -0.311, '1'),
('1', '2019-02-10 13:52:43', 0.003, '0'),
('2', '2019-02-10 13:52:43', -0.31, '1'),
('1', '2019-02-10 13:52:46', 0.002, '0'),
('2', '2019-02-10 13:52:46', -0.311, '1'),
('1', '2019-02-10 13:52:49', 0.002, '0'),
('2', '2019-02-10 13:52:49', -0.311, '1'),
('1', '2019-02-10 13:52:53', 0.003, '0'),
('2', '2019-02-10 13:52:53', -0.31, '1'),
('1', '2019-02-10 13:52:56', 0.003, '0'),
('2', '2019-02-10 13:52:56', -0.311, '1'),
('1', '2019-02-10 13:53:00', 0.003, '0'),
('2', '2019-02-10 13:53:00', -0.31, '1'),
('1', '2019-02-10 13:53:03', 0.002, '0'),
('2', '2019-02-10 13:53:03', -0.309, '1'),
('1', '2019-02-10 13:53:06', 0.003, '0'),
('2', '2019-02-10 13:53:06', -0.31, '1'),
('1', '2019-02-10 13:53:09', 0.003, '0'),
('2', '2019-02-10 13:53:09', -0.31, '1'),
('1', '2019-02-10 13:53:12', 0.003, '0'),
('2', '2019-02-10 13:53:12', -0.31, '1'),
('1', '2019-02-10 13:53:15', 0.004, '0'),
('2', '2019-02-10 13:53:15', -0.31, '1'),
('1', '2019-02-10 13:53:18', 0.003, '0'),
('2', '2019-02-10 13:53:18', -0.309, '1'),
('1', '2019-02-10 13:53:21', 0.003, '0'),
('2', '2019-02-10 13:53:21', -0.309, '1'),
('1', '2019-02-10 13:53:24', 0.002, '0'),
('2', '2019-02-10 13:53:24', -0.309, '1'),
('1', '2019-02-10 13:53:27', 0.003, '0'),
('2', '2019-02-10 13:53:27', -0.308, '1'),
('1', '2019-02-10 13:53:29', 0.003, '0'),
('2', '2019-02-10 13:53:29', -0.309, '1'),
('1', '2019-02-10 13:53:33', 0.002, '0'),
('2', '2019-02-10 13:53:33', -0.036, '0'),
('1', '2019-02-10 13:53:38', 0.05, '0'),
('2', '2019-02-10 13:53:38', 0.998, '1'),
('1', '2019-02-10 13:53:41', 85.561, '1'),
('2', '2019-02-10 13:53:41', 0.998, '1'),
('1', '2019-02-10 13:54:17', 2.308, '1'),
('2', '2019-02-10 13:54:17', 0.767, '1'),
('1', '2019-02-10 13:55:15', -19.754, '1'),
('2', '2019-02-10 13:55:15', -0.002, '0'),
('1', '2019-02-10 13:55:19', -19.754, '1'),
('2', '2019-02-10 13:55:19', 0.982, '1'),
('1', '2019-02-10 13:55:22', -19.754, '1'),
('2', '2019-02-10 13:55:22', 0.982, '1'),
('1', '2019-02-10 13:55:24', -19.754, '1'),
('2', '2019-02-10 13:55:24', 0.982, '1'),
('1', '2019-02-10 13:55:27', -19.753, '1'),
('2', '2019-02-10 13:55:27', 0.982, '1'),
('1', '2019-02-10 13:55:30', -19.753, '1'),
('2', '2019-02-10 13:55:30', 0.982, '1'),
('1', '2019-02-10 13:55:33', -19.646, '1'),
('2', '2019-02-10 13:55:33', 0.982, '1'),
('1', '2019-02-10 13:58:17', 0, '0'),
('2', '2019-02-10 13:58:17', 0.001, '0'),
('1', '2019-02-10 13:58:55', 0, '0'),
('2', '2019-02-10 13:58:55', 0, '0'),
('1', '2019-02-10 13:58:58', 0, '0'),
('2', '2019-02-10 13:58:58', -0, '0'),
('1', '2019-02-10 13:59:01', 0, '0'),
('2', '2019-02-10 13:59:01', -0.001, '0'),
('1', '2019-02-10 13:59:05', 0, '0'),
('2', '2019-02-10 13:59:05', -0.001, '0'),
('1', '2019-02-10 13:59:07', 0, '0'),
('2', '2019-02-10 13:59:07', -0.001, '0'),
('1', '2019-02-10 13:59:10', 0, '0'),
('2', '2019-02-10 13:59:10', -0.001, '0'),
('1', '2019-02-10 13:59:13', 0, '0'),
('2', '2019-02-10 13:59:13', -0.001, '0'),
('1', '2019-02-10 13:59:15', 0, '0'),
('2', '2019-02-10 13:59:15', -0, '0'),
('1', '2019-02-10 13:59:19', 0, '0'),
('2', '2019-02-10 13:59:19', -0.001, '0'),
('1', '2019-02-10 13:59:22', 0, '0'),
('2', '2019-02-10 13:59:22', -0, '0'),
('1', '2019-02-10 13:59:25', 0, '0'),
('2', '2019-02-10 13:59:25', -0, '0'),
('1', '2019-02-10 13:59:28', 0, '0'),
('2', '2019-02-10 13:59:28', 0, '0'),
('1', '2019-02-10 14:00:26', 0, '0'),
('2', '2019-02-10 14:00:26', 0.001, '0'),
('1', '2019-02-10 14:07:35', 0.001, '0'),
('2', '2019-02-10 14:07:35', 0, '0'),
('1', '2019-02-10 14:07:38', -0.001, '0'),
('2', '2019-02-10 14:07:38', 0, '0'),
('1', '2019-02-10 14:07:41', -0.003, '0'),
('2', '2019-02-10 14:07:41', 0, '0'),
('1', '2019-02-10 14:07:44', -0.001, '0'),
('2', '2019-02-10 14:07:44', 0, '0'),
('1', '2019-02-10 14:07:47', -0.002, '0'),
('2', '2019-02-10 14:07:47', 0, '0'),
('1', '2019-02-10 14:07:50', -0.003, '0'),
('2', '2019-02-10 14:07:50', 0, '0'),
('1', '2019-02-10 14:07:53', -0, '0'),
('2', '2019-02-10 14:07:53', 0, '0'),
('1', '2019-02-10 14:07:56', 0, '0'),
('2', '2019-02-10 14:07:56', 0, '0'),
('1', '2019-02-10 14:07:59', -0.002, '0'),
('2', '2019-02-10 14:07:59', -1.291, '1'),
('1', '2019-02-10 14:08:03', -0.003, '0'),
('2', '2019-02-10 14:08:03', -1.296, '1'),
('1', '2019-02-10 14:08:05', -0.01, '0'),
('2', '2019-02-10 14:08:05', -1.298, '1'),
('1', '2019-02-10 14:08:08', -0.002, '0'),
('2', '2019-02-10 14:08:08', 0, '0'),
('1', '2019-02-10 14:08:11', 0, '0'),
('2', '2019-02-10 14:08:11', -1.29, '1'),
('1', '2019-02-10 14:08:14', -0, '0'),
('2', '2019-02-10 14:08:14', -1.3, '1'),
('1', '2019-02-10 14:08:17', 0.001, '0'),
('2', '2019-02-10 14:08:17', 0, '0'),
('1', '2019-02-10 14:08:20', 0, '0'),
('2', '2019-02-10 14:08:20', -1.292, '1'),
('1', '2019-02-10 14:08:23', 0.001, '0'),
('2', '2019-02-10 14:08:23', -1.297, '1'),
('1', '2019-02-10 14:08:26', -0.001, '0'),
('2', '2019-02-10 14:08:26', -1.295, '1'),
('1', '2019-02-10 14:08:28', 0, '0'),
('2', '2019-02-10 14:08:28', -1.296, '1'),
('1', '2019-02-10 14:08:31', 0.001, '0'),
('2', '2019-02-10 14:08:31', -1.295, '1'),
('1', '2019-02-10 14:08:34', 0.001, '0'),
('2', '2019-02-10 14:08:34', -1.296, '1'),
('1', '2019-02-10 14:08:37', 0.001, '0'),
('2', '2019-02-10 14:08:37', -1.295, '1'),
('1', '2019-02-10 14:08:40', -0.01, '0'),
('2', '2019-02-10 14:08:40', -1.302, '1'),
('1', '2019-02-10 14:08:43', -0, '0'),
('2', '2019-02-10 14:08:43', -1.297, '1'),
('1', '2019-02-10 14:08:46', -0, '0'),
('2', '2019-02-10 14:08:46', -1.294, '1'),
('1', '2019-02-10 14:08:49', -0.001, '0'),
('2', '2019-02-10 14:08:49', -1.291, '1'),
('1', '2019-02-10 14:08:53', -0.001, '0'),
('2', '2019-02-10 14:08:53', -1.293, '1'),
('1', '2019-02-10 14:08:56', -0.002, '0'),
('2', '2019-02-10 14:08:56', -1.29, '1'),
('1', '2019-02-10 14:08:59', -0.002, '0'),
('2', '2019-02-10 14:08:59', -1.294, '1'),
('1', '2019-02-10 14:09:02', -0.003, '0'),
('2', '2019-02-10 14:09:02', -1.29, '1'),
('1', '2019-02-10 14:09:05', 0.001, '0'),
('2', '2019-02-10 14:09:05', -1.293, '1'),
('1', '2019-02-10 14:09:08', -0, '0'),
('2', '2019-02-10 14:09:08', -1.293, '1'),
('1', '2019-02-10 14:09:11', -0.001, '0'),
('2', '2019-02-10 14:09:11', -1.295, '1'),
('1', '2019-02-10 14:09:14', -0, '0'),
('2', '2019-02-10 14:09:14', -1.293, '1'),
('1', '2019-02-10 14:09:16', -0, '0'),
('2', '2019-02-10 14:09:16', -1.294, '1'),
('1', '2019-02-10 14:09:19', -0, '0'),
('2', '2019-02-10 14:09:19', -1.291, '1'),
('1', '2019-02-10 14:09:22', -0.002, '0'),
('2', '2019-02-10 14:09:22', -1.292, '1'),
('1', '2019-02-10 14:09:25', -0.002, '0'),
('2', '2019-02-10 14:09:25', -1.291, '1'),
('1', '2019-02-10 14:09:28', -0.001, '0'),
('2', '2019-02-10 14:09:28', -1.29, '1'),
('1', '2019-02-10 14:09:31', 0, '0'),
('2', '2019-02-10 14:09:31', -1.29, '1'),
('1', '2019-02-10 14:09:34', -0.01, '0'),
('2', '2019-02-10 14:09:34', -1.297, '1'),
('1', '2019-02-10 14:09:37', 0.002, '0'),
('2', '2019-02-10 14:09:37', -1.29, '1'),
('1', '2019-02-10 14:09:40', 0.001, '0'),
('2', '2019-02-10 14:09:40', -1.291, '1'),
('1', '2019-02-10 14:09:43', -0.011, '0'),
('2', '2019-02-10 14:09:43', -1.297, '1'),
('1', '2019-02-10 14:09:46', 0.001, '0'),
('2', '2019-02-10 14:09:46', -1.29, '1'),
('1', '2019-02-10 14:09:49', 0.003, '0'),
('2', '2019-02-10 14:09:49', -1.293, '1'),
('1', '2019-02-10 14:09:51', 0.003, '0'),
('2', '2019-02-10 14:09:51', -1.295, '1'),
('1', '2019-02-10 14:09:54', 0.003, '0'),
('2', '2019-02-10 14:09:54', -1.293, '1'),
('1', '2019-02-10 14:09:57', 0.001, '0'),
('2', '2019-02-10 14:09:57', -1.294, '1'),
('1', '2019-02-10 14:10:00', -0.001, '0'),
('2', '2019-02-10 14:10:00', -1.292, '1'),
('1', '2019-02-10 14:10:03', 0.001, '0'),
('2', '2019-02-10 14:10:03', -1.292, '1'),
('1', '2019-02-10 14:10:06', 0.001, '0'),
('2', '2019-02-10 14:10:06', -1.292, '1'),
('1', '2019-02-10 14:10:15', 0.001, '0'),
('2', '2019-02-10 14:10:15', -1.292, '1'),
('1', '2019-02-10 14:10:18', 0.002, '0'),
('2', '2019-02-10 14:10:18', -1.291, '1'),
('1', '2019-02-10 14:10:21', -0.001, '0'),
('2', '2019-02-10 14:10:21', -1.29, '1'),
('1', '2019-02-10 14:10:24', -0.005, '0'),
('2', '2019-02-10 14:10:24', -1.295, '1'),
('1', '2019-02-10 14:10:27', 0.001, '0'),
('2', '2019-02-10 14:10:27', -1.289, '1'),
('1', '2019-02-10 14:10:29', 0.002, '0'),
('2', '2019-02-10 14:10:29', -1.288, '1'),
('1', '2019-02-10 14:10:32', 0.003, '0'),
('2', '2019-02-10 14:10:32', -1.29, '1'),
('1', '2019-02-10 14:10:35', 0.001, '0'),
('2', '2019-02-10 14:10:35', -1.292, '1'),
('1', '2019-02-10 14:10:38', 0.002, '0'),
('2', '2019-02-10 14:10:38', -1.289, '1'),
('1', '2019-02-10 14:10:41', 0.002, '0'),
('2', '2019-02-10 14:10:41', -1.289, '1'),
('1', '2019-02-10 14:10:44', 0.001, '0'),
('2', '2019-02-10 14:10:44', -1.289, '1'),
('1', '2019-02-10 14:10:48', 0.001, '0'),
('2', '2019-02-10 14:10:48', -1.286, '1'),
('1', '2019-02-10 14:10:51', 0.002, '0'),
('2', '2019-02-10 14:10:51', -1.288, '1'),
('1', '2019-02-10 14:10:53', 0.002, '0'),
('2', '2019-02-10 14:10:53', -1.287, '1'),
('1', '2019-02-10 14:10:56', 0.001, '0'),
('2', '2019-02-10 14:10:56', -1.289, '1'),
('1', '2019-02-10 14:10:59', 0.002, '0'),
('2', '2019-02-10 14:10:59', -1.287, '1'),
('1', '2019-02-10 14:11:02', 0.001, '0'),
('2', '2019-02-10 14:11:02', -1.288, '1'),
('1', '2019-02-10 14:11:05', 0.002, '0'),
('2', '2019-02-10 14:11:05', -1.289, '1'),
('1', '2019-02-10 14:11:08', 0.001, '0'),
('2', '2019-02-10 14:11:08', -1.293, '1'),
('1', '2019-02-10 14:11:10', 0, '0'),
('2', '2019-02-10 14:11:10', -1.29, '1'),
('1', '2019-02-10 14:11:14', -0, '0'),
('2', '2019-02-10 14:11:14', -1.294, '1'),
('1', '2019-02-10 14:11:16', 0.001, '0'),
('2', '2019-02-10 14:11:16', -1.288, '1'),
('1', '2019-02-10 14:11:19', 0.002, '0'),
('2', '2019-02-10 14:11:19', -1.291, '1'),
('1', '2019-02-10 14:11:22', 0.002, '0'),
('2', '2019-02-10 14:11:22', -1.288, '1'),
('1', '2019-02-10 14:11:24', 0.001, '0'),
('2', '2019-02-10 14:11:24', -1.288, '1'),
('1', '2019-02-10 14:11:27', 0.001, '0'),
('2', '2019-02-10 14:11:27', -1.288, '1'),
('1', '2019-02-10 14:11:30', 0.002, '0'),
('2', '2019-02-10 14:11:30', -1.288, '1'),
('1', '2019-02-10 14:11:33', 0, '0'),
('2', '2019-02-10 14:11:33', -1.287, '1'),
('1', '2019-02-10 14:11:36', 0.002, '0'),
('2', '2019-02-10 14:11:36', -1.286, '1'),
('1', '2019-02-10 14:11:39', 0.001, '0'),
('2', '2019-02-10 14:11:39', -1.286, '1'),
('1', '2019-02-10 14:11:42', 0.002, '0'),
('2', '2019-02-10 14:11:42', -1.286, '1'),
('1', '2019-02-10 14:11:45', 0.001, '0'),
('2', '2019-02-10 14:11:45', -1.286, '1'),
('1', '2019-02-10 14:11:48', 0.001, '0'),
('2', '2019-02-10 14:11:48', -1.287, '1'),
('1', '2019-02-10 14:11:52', -0.001, '0'),
('2', '2019-02-10 14:11:52', -1.286, '1'),
('1', '2019-02-10 14:11:55', 0.002, '0'),
('2', '2019-02-10 14:11:55', -1.289, '1'),
('1', '2019-02-10 14:11:58', 0.002, '0'),
('2', '2019-02-10 14:11:58', -1.299, '1'),
('1', '2019-02-10 14:12:00', 0.003, '0'),
('2', '2019-02-10 14:12:00', -1.298, '1'),
('1', '2019-02-10 14:12:03', 0.002, '0'),
('2', '2019-02-10 14:12:03', -1.29, '1'),
('1', '2019-02-10 14:12:06', 0.002, '0'),
('2', '2019-02-10 14:12:06', -1.291, '1'),
('1', '2019-02-10 14:12:09', 0.003, '0'),
('2', '2019-02-10 14:12:09', -1.29, '1'),
('1', '2019-02-10 14:12:12', 0.002, '0'),
('2', '2019-02-10 14:12:12', -1.289, '1'),
('1', '2019-02-10 14:12:15', 0.002, '0'),
('2', '2019-02-10 14:12:15', -1.289, '1'),
('1', '2019-02-10 14:12:18', 0.001, '0'),
('2', '2019-02-10 14:12:18', -1.289, '1'),
('1', '2019-02-10 14:12:21', 0.003, '0'),
('2', '2019-02-10 14:12:21', -1.287, '1'),
('1', '2019-02-10 14:12:24', 0.005, '0'),
('2', '2019-02-10 14:12:24', -1.292, '1'),
('1', '2019-02-10 14:12:27', 0.004, '0'),
('2', '2019-02-10 14:12:27', -1.293, '1'),
('1', '2019-02-10 14:12:29', 0.004, '0'),
('2', '2019-02-10 14:12:29', -1.288, '1'),
('1', '2019-02-10 14:12:32', 0.003, '0'),
('2', '2019-02-10 14:12:32', -1.288, '1'),
('1', '2019-02-10 14:12:35', 0.005, '0'),
('2', '2019-02-10 14:12:35', -1.296, '1'),
('1', '2019-02-10 14:12:38', 0.006, '0'),
('2', '2019-02-10 14:12:38', 0, '0'),
('1', '2019-02-10 14:12:41', 0.004, '0'),
('2', '2019-02-10 14:12:41', 0, '0'),
('1', '2019-02-10 14:12:43', 0.005, '0'),
('2', '2019-02-10 14:12:43', 0, '0'),
('1', '2019-02-10 14:12:46', 0.005, '0'),
('2', '2019-02-10 14:12:46', 0, '0'),
('1', '2019-02-10 14:12:49', 0.005, '0'),
('2', '2019-02-10 14:12:49', 0, '0'),
('1', '2019-02-10 14:12:52', 0.003, '0'),
('2', '2019-02-10 14:12:52', 0, '0'),
('1', '2019-02-10 14:12:55', 0.004, '0'),
('2', '2019-02-10 14:12:55', 0, '0'),
('1', '2019-02-10 14:13:00', 0.005, '0'),
('2', '2019-02-10 14:13:00', 0, '0'),
('1', '2019-02-10 14:18:49', -0.002, '0'),
('2', '2019-02-10 14:18:49', 0, '0'),
('1', '2019-02-10 14:18:52', -0.002, '0'),
('2', '2019-02-10 14:18:52', 0, '0'),
('1', '2019-02-10 14:18:55', 0.001, '0'),
('2', '2019-02-10 14:18:55', 0.004, '0'),
('1', '2019-02-10 14:18:58', -0, '0'),
('2', '2019-02-10 14:18:58', -0.315, '1'),
('1', '2019-02-10 14:19:01', -0.001, '0'),
('2', '2019-02-10 14:19:01', 0.012, '0'),
('1', '2019-02-13 19:19:08', 0, '0'),
('2', '2019-02-13 19:19:08', 0, '0'),
('1', '2019-02-13 19:19:10', 0, '0'),
('2', '2019-02-13 19:19:10', 0, '0'),
('1', '2019-02-13 19:19:13', 0, '0'),
('2', '2019-02-13 19:19:13', 0, '0'),
('1', '2019-02-13 19:19:16', 0, '0'),
('2', '2019-02-13 19:19:16', -0.116, '0'),
('1', '2019-02-13 19:19:19', 0, '0'),
('2', '2019-02-13 19:19:19', -0.116, '0'),
('1', '2019-02-13 19:19:22', 0, '0'),
('2', '2019-02-13 19:19:22', -0.114, '0'),
('1', '2019-02-13 19:19:25', 0, '0'),
('2', '2019-02-13 19:19:25', -0.115, '0'),
('1', '2019-02-13 19:20:06', 0, '0'),
('2', '2019-02-13 19:20:06', 0.002, '0'),
('1', '2019-02-13 19:20:09', 0, '0'),
('2', '2019-02-13 19:20:09', -0, '0'),
('1', '2019-02-13 19:20:12', 0, '0'),
('2', '2019-02-13 19:20:12', 0, '0'),
('1', '2019-02-13 19:20:15', 0, '0'),
('2', '2019-02-13 19:20:15', -0.001, '0'),
('1', '2019-02-13 19:20:18', 0, '0'),
('2', '2019-02-13 19:20:18', 0.001, '0'),
('1', '2019-02-13 19:20:21', 0, '0'),
('2', '2019-02-13 19:20:21', -0.122, '0'),
('1', '2019-02-13 19:20:25', 0, '0'),
('2', '2019-02-13 19:20:25', 0.001, '0'),
('1', '2019-02-13 19:20:28', 0, '0'),
('2', '2019-02-13 19:20:28', -0, '0'),
('1', '2019-02-13 19:20:31', 0, '0'),
('2', '2019-02-13 19:20:31', 0.001, '0'),
('1', '2019-02-13 19:20:33', 0, '0'),
('2', '2019-02-13 19:20:33', 0.001, '0'),
('1', '2019-02-13 19:20:36', 0, '0'),
('2', '2019-02-13 19:20:36', 0, '0'),
('1', '2019-02-13 19:20:40', 0, '0'),
('2', '2019-02-13 19:20:40', 0.116, '0'),
('1', '2019-02-13 19:20:43', 0, '0'),
('2', '2019-02-13 19:20:43', 0.116, '0'),
('1', '2019-02-13 19:20:46', 0, '0'),
('2', '2019-02-13 19:20:46', 0.116, '0'),
('1', '2019-02-13 19:20:49', -1.058, '1'),
('2', '2019-02-13 19:20:49', -0.005, '0'),
('1', '2019-02-13 19:20:51', 0, '0'),
('2', '2019-02-13 19:20:51', 0.116, '0'),
('1', '2019-02-13 19:20:55', 0, '0'),
('2', '2019-02-13 19:20:55', 0.116, '0'),
('1', '2019-02-13 19:20:58', 0, '0'),
('2', '2019-02-13 19:20:58', 0.116, '0'),
('1', '2019-02-13 19:21:01', 0, '0'),
('2', '2019-02-13 19:21:01', 0.116, '0'),
('1', '2019-02-13 19:21:06', 0, '0'),
('2', '2019-02-13 19:21:06', 0.116, '0'),
('1', '2019-02-13 19:21:09', 0, '0'),
('2', '2019-02-13 19:21:09', 0.116, '0'),
('1', '2019-02-13 19:21:12', 0, '0'),
('2', '2019-02-13 19:21:12', 0.116, '0'),
('1', '2019-02-13 19:21:15', 0, '0'),
('2', '2019-02-13 19:21:15', 0.116, '0'),
('1', '2019-02-13 19:21:21', 0, '0'),
('2', '2019-02-13 19:21:21', -0.045, '0'),
('1', '2019-02-13 19:21:25', 0, '0'),
('2', '2019-02-13 19:21:25', 0.116, '0'),
('1', '2019-02-13 19:21:29', 0, '0'),
('2', '2019-02-13 19:21:29', 0.116, '0'),
('1', '2019-02-13 19:21:32', 0, '0'),
('2', '2019-02-13 19:21:32', 0.116, '0'),
('1', '2019-02-13 19:21:35', 0, '0'),
('2', '2019-02-13 19:21:35', 0.116, '0'),
('1', '2019-02-13 19:21:39', -2.352, '1'),
('2', '2019-02-13 19:21:39', 0.116, '0'),
('1', '2019-02-13 19:21:42', 0, '0'),
('2', '2019-02-13 19:21:42', 0.116, '0'),
('1', '2019-02-13 19:21:45', -0.986, '1'),
('2', '2019-02-13 19:21:45', 0.116, '0'),
('1', '2019-02-13 19:21:48', 0, '0'),
('2', '2019-02-13 19:21:48', 0.116, '0'),
('1', '2019-02-13 19:21:52', 0, '0'),
('2', '2019-02-13 19:21:52', 0.116, '0'),
('1', '2019-02-13 19:21:55', 0, '0'),
('2', '2019-02-13 19:21:55', 0.116, '0'),
('1', '2019-02-13 19:21:58', 0, '0'),
('2', '2019-02-13 19:21:58', 0.116, '0'),
('1', '2019-02-13 19:22:01', 0, '0'),
('2', '2019-02-13 19:22:01', 0.116, '0'),
('1', '2019-02-13 19:22:03', 0, '0'),
('2', '2019-02-13 19:22:03', 0.116, '0'),
('1', '2019-02-13 19:23:26', 0, '0'),
('2', '2019-02-13 19:23:26', 0.001, '0'),
('1', '2019-02-13 19:23:29', -0.117, '0'),
('2', '2019-02-13 19:23:29', 0.001, '0'),
('1', '2019-02-13 19:23:32', -0.106, '0'),
('2', '2019-02-13 19:23:32', -0.706, '1'),
('1', '2019-02-13 19:23:35', -0.104, '0'),
('2', '2019-02-13 19:23:35', 0.003, '0'),
('1', '2019-02-13 19:23:38', -0.536, '1'),
('2', '2019-02-13 19:23:38', 0.002, '0'),
('1', '2019-02-13 19:23:41', -0.102, '0'),
('2', '2019-02-13 19:23:41', 0.004, '0'),
('1', '2019-02-13 19:23:44', -0.105, '0'),
('2', '2019-02-13 19:23:44', 0.004, '0'),
('1', '2019-02-13 19:23:47', -0.106, '0'),
('2', '2019-02-13 19:23:47', 0.005, '0'),
('1', '2019-02-13 19:23:55', -0.105, '0'),
('2', '2019-02-13 19:23:55', 0.006, '0'),
('1', '2019-02-13 19:23:58', -0.105, '0'),
('2', '2019-02-13 19:23:58', 0.007, '0'),
('1', '2019-02-13 19:24:02', -0.105, '0'),
('2', '2019-02-13 19:24:02', 0.007, '0'),
('1', '2019-02-13 19:24:05', -0.104, '0'),
('2', '2019-02-13 19:24:05', 0.007, '0'),
('1', '2019-02-13 19:24:07', -0.104, '0'),
('2', '2019-02-13 19:24:07', 0.01, '0'),
('1', '2019-02-13 19:24:10', -0.104, '0'),
('2', '2019-02-13 19:24:10', 0.009, '0'),
('1', '2019-02-13 19:24:16', -0.103, '0'),
('2', '2019-02-13 19:24:16', 0.008, '0'),
('1', '2019-02-13 19:24:19', -0.104, '0'),
('2', '2019-02-13 19:24:19', 0.011, '0'),
('1', '2019-02-13 19:24:57', -0.002, '0'),
('2', '2019-02-13 19:24:57', 0, '0'),
('1', '2019-02-13 19:25:01', -0, '0'),
('2', '2019-02-13 19:25:01', -0, '0'),
('1', '2019-02-13 19:25:04', 0, '0'),
('2', '2019-02-13 19:25:04', 0.001, '0'),
('1', '2019-02-13 19:25:07', -0.002, '0'),
('2', '2019-02-13 19:25:07', 0.001, '0'),
('1', '2019-02-13 19:25:10', -0.001, '0'),
('2', '2019-02-13 19:25:10', 0, '0'),
('1', '2019-02-13 19:25:13', -0.001, '0'),
('2', '2019-02-13 19:25:13', 0.001, '0'),
('1', '2019-02-13 19:25:16', -0.002, '0'),
('2', '2019-02-13 19:25:16', -0.126, '0'),
('1', '2019-02-13 19:25:19', 0.002, '0'),
('2', '2019-02-13 19:25:19', 0.964, '1'),
('1', '2019-02-13 19:25:22', -0.126, '0'),
('2', '2019-02-13 19:25:22', 0.964, '1'),
('1', '2019-02-13 19:25:25', -0.125, '0'),
('2', '2019-02-13 19:25:25', 0.964, '1'),
('1', '2019-02-13 19:25:28', -0.127, '0'),
('2', '2019-02-13 19:25:28', 0.006, '0'),
('1', '2019-02-13 19:25:30', -0.126, '0'),
('2', '2019-02-13 19:25:30', 0.002, '0'),
('1', '2019-02-13 19:25:34', -0.002, '0'),
('2', '2019-02-13 19:25:34', 0.002, '0'),
('1', '2019-02-13 19:25:37', 0.001, '0'),
('2', '2019-02-13 19:25:37', 0.002, '0'),
('1', '2019-02-13 19:25:40', 0.002, '0'),
('2', '2019-02-13 19:25:40', 0.002, '0'),
('1', '2019-02-13 19:25:43', 0.002, '0'),
('2', '2019-02-13 19:25:43', 0.001, '0'),
('1', '2019-02-13 19:25:46', 0.001, '0'),
('2', '2019-02-13 19:25:46', 0.002, '0'),
('1', '2019-02-13 19:25:49', 0.002, '0'),
('2', '2019-02-13 19:25:49', 0.002, '0'),
('1', '2019-02-13 19:25:52', 0.001, '0'),
('2', '2019-02-13 19:25:52', 0.001, '0'),
('1', '2019-02-13 19:25:55', 0.003, '0'),
('2', '2019-02-13 19:25:55', 0.001, '0'),
('1', '2019-02-13 19:25:58', 0.001, '0'),
('2', '2019-02-13 19:25:58', 0.002, '0'),
('1', '2019-02-13 19:26:01', 0.001, '0'),
('2', '2019-02-13 19:26:01', 0.004, '0'),
('1', '2019-02-13 19:26:04', 0.002, '0'),
('2', '2019-02-13 19:26:04', 0.003, '0'),
('1', '2019-02-13 19:26:07', 0.002, '0'),
('2', '2019-02-13 19:26:07', 0.002, '0'),
('1', '2019-02-13 19:26:10', 0.001, '0'),
('2', '2019-02-13 19:26:10', -0.007, '0'),
('1', '2019-02-13 19:26:13', 0.002, '0'),
('2', '2019-02-13 19:26:13', -0.004, '0'),
('1', '2019-02-13 19:26:15', 0.001, '0'),
('2', '2019-02-13 19:26:15', -0.004, '0'),
('1', '2019-02-13 19:26:18', 0.001, '0'),
('2', '2019-02-13 19:26:18', -0.001, '0'),
('1', '2019-02-13 19:26:24', 0.002, '0'),
('2', '2019-02-13 19:26:24', -0.004, '0'),
('1', '2019-02-13 19:26:27', 0.003, '0'),
('2', '2019-02-13 19:26:27', -0.021, '0'),
('1', '2019-02-13 19:26:30', 0.002, '0'),
('2', '2019-02-13 19:26:30', 0.964, '1'),
('1', '2019-02-13 19:26:33', 0.003, '0'),
('2', '2019-02-13 19:26:33', 0.964, '1'),
('1', '2019-02-13 19:26:36', 0.002, '0'),
('2', '2019-02-13 19:26:36', 0.964, '1'),
('1', '2019-02-13 19:26:39', 0.001, '0'),
('2', '2019-02-13 19:26:39', 0.964, '1'),
('1', '2019-02-13 19:26:42', 0.002, '0'),
('2', '2019-02-13 19:26:42', 0.964, '1'),
('1', '2019-02-13 19:26:45', 0.003, '0'),
('2', '2019-02-13 19:26:45', 0.964, '1'),
('1', '2019-02-13 19:26:49', 0.003, '0'),
('2', '2019-02-13 19:26:49', 0.964, '1'),
('1', '2019-02-13 19:26:52', -0.042, '0'),
('2', '2019-02-13 19:26:52', 0.964, '1'),
('1', '2019-02-13 19:26:55', -0.019, '0'),
('2', '2019-02-13 19:26:55', 0.964, '1'),
('1', '2019-02-13 19:26:58', 0.002, '0'),
('2', '2019-02-13 19:26:58', 0.964, '1'),
('1', '2019-02-13 19:27:01', -0.005, '0'),
('2', '2019-02-13 19:27:01', -0.01, '0'),
('1', '2019-02-13 19:27:04', 0, '0'),
('2', '2019-02-13 19:27:04', 0.964, '1'),
('1', '2019-02-13 19:27:07', 0.006, '0'),
('2', '2019-02-13 19:27:07', 0.964, '1'),
('1', '2019-02-13 19:27:10', 0.006, '0'),
('2', '2019-02-13 19:27:10', 0.964, '1'),
('1', '2019-02-13 19:27:12', 0.002, '0'),
('2', '2019-02-13 19:27:12', 0.964, '1'),
('1', '2019-02-13 19:27:16', 0.001, '0'),
('2', '2019-02-13 19:27:16', 0.964, '1'),
('1', '2019-02-13 19:27:19', 0.003, '0'),
('2', '2019-02-13 19:27:19', 0.964, '1'),
('1', '2019-02-13 19:27:22', 0.002, '0'),
('2', '2019-02-13 19:27:22', 0.964, '1'),
('1', '2019-02-13 19:27:24', 0.003, '0'),
('2', '2019-02-13 19:27:24', 0.964, '1'),
('1', '2019-02-13 19:27:28', 0.001, '0'),
('2', '2019-02-13 19:27:28', -0.404, '1'),
('1', '2019-02-13 19:27:30', -0, '0'),
('2', '2019-02-13 19:27:30', 0.964, '1'),
('1', '2019-02-13 19:27:34', 0.007, '0'),
('2', '2019-02-13 19:27:34', 0.964, '1'),
('1', '2019-02-13 19:27:36', 0.004, '0'),
('2', '2019-02-13 19:27:36', 0.964, '1'),
('1', '2019-02-13 19:27:40', 0.003, '0'),
('2', '2019-02-13 19:27:40', 87.758, '1'),
('1', '2019-02-13 19:27:43', 0.006, '0'),
('2', '2019-02-13 19:27:43', 0.964, '1'),
('1', '2019-02-13 19:27:46', 0.005, '0'),
('2', '2019-02-13 19:27:46', 0.964, '1'),
('1', '2019-02-13 19:27:49', 0.003, '0'),
('2', '2019-02-13 19:27:49', 0.964, '1'),
('1', '2019-02-13 19:27:52', 0.007, '0'),
('2', '2019-02-13 19:27:52', 0.964, '1'),
('1', '2019-02-13 19:27:55', 0.003, '0'),
('2', '2019-02-13 19:27:55', 0.964, '1'),
('1', '2019-02-13 19:27:58', 0.006, '0'),
('2', '2019-02-13 19:27:58', 0.964, '1'),
('1', '2019-02-13 19:28:01', 0.006, '0'),
('2', '2019-02-13 19:28:01', 0.964, '1'),
('1', '2019-02-13 19:28:05', 0.007, '0'),
('2', '2019-02-13 19:28:05', 0.964, '1'),
('1', '2019-02-13 19:28:08', 0.005, '0'),
('2', '2019-02-13 19:28:08', -0.003, '0'),
('1', '2019-02-13 19:28:11', 0.005, '0'),
('2', '2019-02-13 19:28:11', -0, '0'),
('1', '2019-02-13 19:28:16', 0.007, '0'),
('2', '2019-02-13 19:28:16', -0.002, '0'),
('1', '2019-02-13 19:28:19', 0.008, '0'),
('2', '2019-02-13 19:28:19', 0.964, '1'),
('1', '2019-02-13 19:28:23', 0.01, '0'),
('2', '2019-02-13 19:28:23', 0.964, '1'),
('1', '2019-02-13 19:28:26', 0.006, '0'),
('2', '2019-02-13 19:28:26', 0.003, '0'),
('1', '2019-02-13 19:28:32', 0.008, '0'),
('2', '2019-02-13 19:28:32', -0.093, '0'),
('1', '2019-02-13 19:28:35', 0.007, '0'),
('2', '2019-02-13 19:28:35', 0.964, '1'),
('1', '2019-02-13 19:28:38', 0.007, '0'),
('2', '2019-02-13 19:28:38', 0.964, '1'),
('1', '2019-02-13 19:28:41', 0.005, '0'),
('2', '2019-02-13 19:28:41', 0.964, '1'),
('1', '2019-02-13 19:28:44', 0.006, '0'),
('2', '2019-02-13 19:28:44', 0.964, '1'),
('1', '2019-02-13 19:28:48', 0.005, '0'),
('2', '2019-02-13 19:28:48', -0.006, '0'),
('1', '2019-02-13 19:28:51', 0.006, '0'),
('2', '2019-02-13 19:28:51', 0.964, '1'),
('1', '2019-02-13 19:28:55', 0.005, '0'),
('2', '2019-02-13 19:28:55', 0.964, '1'),
('1', '2019-02-13 19:28:58', 0.006, '0'),
('2', '2019-02-13 19:28:58', 0.964, '1'),
('1', '2019-02-13 19:29:01', 0.001, '0'),
('2', '2019-02-13 19:29:01', 0.964, '1'),
('1', '2019-02-13 19:29:04', 0.001, '0'),
('2', '2019-02-13 19:29:04', 0.964, '1'),
('1', '2019-02-13 19:29:09', 0.007, '0'),
('2', '2019-02-13 19:29:09', 0.964, '1'),
('1', '2019-02-13 19:29:14', 0.008, '0'),
('2', '2019-02-13 19:29:14', 0.02, '0'),
('1', '2019-02-13 19:29:17', 0.005, '0'),
('2', '2019-02-13 19:29:17', 0.008, '0'),
('1', '2019-02-13 19:29:21', 0.006, '0'),
('2', '2019-02-13 19:29:21', 0.007, '0'),
('1', '2019-02-13 19:29:23', 0.015, '0'),
('2', '2019-02-13 19:29:23', -0.129, '0'),
('1', '2019-02-13 19:29:27', -0.048, '0'),
('2', '2019-02-13 19:29:27', 0.006, '0'),
('1', '2019-02-13 19:29:30', -0.104, '0'),
('2', '2019-02-13 19:29:30', 0.007, '0'),
('1', '2019-02-13 19:29:33', 0.009, '0'),
('2', '2019-02-13 19:29:33', 0.007, '0'),
('1', '2019-02-13 19:29:36', 0.009, '0'),
('2', '2019-02-13 19:29:36', 0.007, '0'),
('1', '2019-02-13 19:29:39', 0.011, '0'),
('2', '2019-02-13 19:29:39', 0.007, '0'),
('1', '2019-02-13 19:29:42', 0.011, '0'),
('2', '2019-02-13 19:29:42', 0.007, '0'),
('1', '2019-02-13 19:29:45', 0.015, '0'),
('2', '2019-02-13 19:29:45', -0.025, '0'),
('1', '2019-02-13 19:29:48', 0.01, '0'),
('2', '2019-02-13 19:29:48', 0.008, '0'),
('1', '2019-02-13 19:29:51', 0.011, '0'),
('2', '2019-02-13 19:29:51', 0.007, '0'),
('1', '2019-02-13 19:29:54', 0.011, '0'),
('2', '2019-02-13 19:29:54', 0.009, '0'),
('1', '2019-02-13 19:29:59', 0.009, '0'),
('2', '2019-02-13 19:29:59', 0.008, '0'),
('1', '2019-02-13 19:30:02', 0.011, '0'),
('2', '2019-02-13 19:30:02', 0.009, '0'),
('1', '2019-02-13 19:30:05', 0.009, '0'),
('2', '2019-02-13 19:30:05', 0.008, '0'),
('1', '2019-02-13 19:30:08', 0.016, '0'),
('2', '2019-02-13 19:30:08', -0.016, '0'),
('1', '2019-02-13 19:30:11', 0.011, '0'),
('2', '2019-02-13 19:30:11', 0.008, '0'),
('1', '2019-02-13 19:30:14', 0.011, '0'),
('2', '2019-02-13 19:30:14', 0.003, '0'),
('1', '2019-02-13 19:30:17', 0.011, '0'),
('2', '2019-02-13 19:30:17', 0.009, '0'),
('1', '2019-02-13 19:30:20', 0.011, '0'),
('2', '2019-02-13 19:30:20', 0.009, '0'),
('1', '2019-02-13 19:30:23', 0.009, '0'),
('2', '2019-02-13 19:30:23', 0.009, '0'),
('1', '2019-02-13 19:30:25', 0.009, '0'),
('2', '2019-02-13 19:30:25', 0.01, '0'),
('1', '2019-02-13 19:30:28', 0.01, '0'),
('2', '2019-02-13 19:30:28', 0.009, '0'),
('1', '2019-02-13 19:30:32', 0.011, '0'),
('2', '2019-02-13 19:30:32', 0.008, '0'),
('1', '2019-02-13 19:30:35', 0.01, '0'),
('2', '2019-02-13 19:30:35', 0.01, '0'),
('1', '2019-02-13 19:30:37', 0.011, '0'),
('2', '2019-02-13 19:30:37', 0.001, '0'),
('1', '2019-02-13 19:30:40', 0.01, '0'),
('2', '2019-02-13 19:30:40', 0.01, '0'),
('1', '2019-02-13 19:30:43', 0.011, '0'),
('2', '2019-02-13 19:30:43', 0.009, '0'),
('1', '2019-02-13 19:30:47', 0.01, '0'),
('2', '2019-02-13 19:30:47', 0.011, '0'),
('1', '2019-02-13 19:30:50', 0.01, '0'),
('2', '2019-02-13 19:30:50', 0.011, '0'),
('1', '2019-02-13 19:30:52', 0.01, '0'),
('2', '2019-02-13 19:30:52', 0.009, '0'),
('1', '2019-02-13 19:30:55', 0.01, '0'),
('2', '2019-02-13 19:30:55', 0.011, '0'),
('1', '2019-02-13 19:30:59', 0.011, '0'),
('2', '2019-02-13 19:30:59', 0.01, '0'),
('1', '2019-02-13 19:31:02', 0.01, '0'),
('2', '2019-02-13 19:31:02', 0.01, '0'),
('1', '2019-02-13 19:31:06', 0.012, '0'),
('2', '2019-02-13 19:31:06', 0.01, '0'),
('1', '2019-02-13 19:31:09', 0.016, '0'),
('2', '2019-02-13 19:31:09', -0.014, '0'),
('1', '2019-02-13 19:31:11', 0.011, '0'),
('2', '2019-02-13 19:31:11', 0.011, '0'),
('1', '2019-02-13 19:31:14', 0.011, '0'),
('2', '2019-02-13 19:31:14', 0.008, '0'),
('1', '2019-02-13 19:31:17', 0.011, '0'),
('2', '2019-02-13 19:31:17', 0.012, '0'),
('1', '2019-02-13 19:31:20', 0.011, '0'),
('2', '2019-02-13 19:31:20', 0.011, '0'),
('1', '2019-02-13 19:31:23', 0.012, '0'),
('2', '2019-02-13 19:31:23', 0.012, '0'),
('1', '2019-02-13 19:31:26', 0.012, '0'),
('2', '2019-02-13 19:31:26', 0.012, '0'),
('1', '2019-02-13 19:31:30', 0.011, '0'),
('2', '2019-02-13 19:31:30', 0.012, '0'),
('1', '2019-02-13 19:31:33', 0.012, '0'),
('2', '2019-02-13 19:31:33', 0.011, '0'),
('1', '2019-02-13 19:31:36', 0.01, '0'),
('2', '2019-02-13 19:31:36', 0.012, '0'),
('1', '2019-02-13 19:31:39', 0.011, '0'),
('2', '2019-02-13 19:31:39', 0.013, '0'),
('1', '2019-02-13 19:31:42', 0.012, '0'),
('2', '2019-02-13 19:31:42', -0.001, '0'),
('1', '2019-02-13 19:31:45', 0.011, '0'),
('2', '2019-02-13 19:31:45', 0.012, '0'),
('1', '2019-02-13 19:31:48', 0.011, '0'),
('2', '2019-02-13 19:31:48', 0.012, '0'),
('1', '2019-02-13 19:31:51', 0.011, '0'),
('2', '2019-02-13 19:31:51', 0.012, '0'),
('1', '2019-02-13 19:31:54', 0.011, '0'),
('2', '2019-02-13 19:31:54', 0.013, '0'),
('1', '2019-02-13 19:31:57', 0.011, '0'),
('2', '2019-02-13 19:31:57', 0.013, '0'),
('1', '2019-02-13 19:32:00', 0.016, '0'),
('2', '2019-02-13 19:32:00', -0.017, '0'),
('1', '2019-02-13 19:32:06', 0.012, '0'),
('2', '2019-02-13 19:32:06', 0.012, '0'),
('1', '2019-02-13 19:32:09', 0.011, '0'),
('2', '2019-02-13 19:32:09', 0.013, '0'),
('1', '2019-02-13 19:32:12', 0.012, '0'),
('2', '2019-02-13 19:32:12', 0.013, '0'),
('1', '2019-02-13 19:32:15', 0.011, '0'),
('2', '2019-02-13 19:32:15', 0.013, '0'),
('1', '2019-02-13 19:32:18', 0.013, '0'),
('2', '2019-02-13 19:32:18', 0.011, '0'),
('1', '2019-02-13 19:32:21', 0.013, '0'),
('2', '2019-02-13 19:32:21', 0.014, '0'),
('1', '2019-02-13 19:32:25', 0.011, '0'),
('2', '2019-02-13 19:32:25', 0.013, '0'),
('1', '2019-02-13 19:32:27', 0.012, '0'),
('2', '2019-02-13 19:32:27', 0.014, '0'),
('1', '2019-02-13 19:32:30', 0.012, '0'),
('2', '2019-02-13 19:32:30', 0.014, '0'),
('1', '2019-02-13 19:32:34', 0.012, '0'),
('2', '2019-02-13 19:32:34', 0.013, '0'),
('1', '2019-02-13 19:32:37', 0.013, '0'),
('2', '2019-02-13 19:32:37', 0.015, '0'),
('1', '2019-02-13 19:32:40', 0.013, '0'),
('2', '2019-02-13 19:32:40', 0.015, '0'),
('1', '2019-02-13 19:32:43', 0.012, '0'),
('2', '2019-02-13 19:32:43', 0.013, '0'),
('1', '2019-02-13 19:32:46', 0.012, '0'),
('2', '2019-02-13 19:32:46', 0.014, '0'),
('1', '2019-02-13 19:32:49', 0.012, '0'),
('2', '2019-02-13 19:32:49', 0.015, '0'),
('1', '2019-02-13 19:32:52', 0.012, '0'),
('2', '2019-02-13 19:32:52', 0.016, '0'),
('1', '2019-02-13 19:32:56', 0.014, '0'),
('2', '2019-02-13 19:32:56', 0.016, '0'),
('1', '2019-02-13 19:32:59', 0.013, '0'),
('2', '2019-02-13 19:32:59', 0.011, '0'),
('1', '2019-02-13 19:33:02', 0.014, '0'),
('2', '2019-02-13 19:33:02', 0.015, '0'),
('1', '2019-02-13 19:33:05', 0.013, '0'),
('2', '2019-02-13 19:33:05', 0.016, '0'),
('1', '2019-02-13 19:33:08', 0.01, '0'),
('2', '2019-02-13 19:33:08', 0.012, '0'),
('1', '2019-02-13 19:33:12', 0.011, '0'),
('2', '2019-02-13 19:33:12', -0.03, '0'),
('1', '2019-02-13 19:33:15', -0.021, '0'),
('2', '2019-02-13 19:33:15', 0.964, '1'),
('1', '2019-02-13 19:33:18', 0.012, '0'),
('2', '2019-02-13 19:33:18', 0.964, '1'),
('1', '2019-02-13 19:33:24', 0.013, '0'),
('2', '2019-02-13 19:33:24', 0.063, '0'),
('1', '2019-02-13 19:33:27', 0.021, '0'),
('2', '2019-02-13 19:33:27', -0.253, '1'),
('1', '2019-02-13 19:33:30', 0.006, '0'),
('2', '2019-02-13 19:33:30', 0.964, '1'),
('1', '2019-02-13 19:33:33', 0.005, '0'),
('2', '2019-02-13 19:33:33', 0.964, '1'),
('1', '2019-02-13 19:33:36', 0.005, '0'),
('2', '2019-02-13 19:33:36', -0.26, '1'),
('1', '2019-02-13 19:33:39', 0.008, '0'),
('2', '2019-02-13 19:33:39', 0.017, '0'),
('1', '2019-02-13 19:33:42', 0.01, '0'),
('2', '2019-02-13 19:33:42', 0.018, '0'),
('1', '2019-02-13 19:33:45', 0.009, '0'),
('2', '2019-02-13 19:33:45', 0.019, '0'),
('1', '2019-02-13 19:33:47', 0.009, '0'),
('2', '2019-02-13 19:33:47', 0.019, '0'),
('1', '2019-02-13 19:33:51', 0.009, '0'),
('2', '2019-02-13 19:33:51', 0.018, '0'),
('1', '2019-02-13 19:33:54', 0.01, '0'),
('2', '2019-02-13 19:33:54', 0.015, '0'),
('1', '2019-02-13 19:33:56', 0.009, '0'),
('2', '2019-02-13 19:33:56', 0.017, '0'),
('1', '2019-02-13 19:34:00', 0.01, '0'),
('2', '2019-02-13 19:34:00', 0.964, '1'),
('1', '2019-02-13 19:34:03', 0.011, '0'),
('2', '2019-02-13 19:34:03', 0.964, '1'),
('1', '2019-02-13 19:34:05', 0.011, '0'),
('2', '2019-02-13 19:34:05', 0.018, '0'),
('1', '2019-02-13 19:34:08', 0.012, '0'),
('2', '2019-02-13 19:34:08', 0.015, '0'),
('1', '2019-02-13 19:34:12', 0.012, '0'),
('2', '2019-02-13 19:34:12', 0.015, '0'),
('1', '2019-02-13 19:34:15', 0.018, '0'),
('2', '2019-02-13 19:34:15', 0.01, '0'),
('1', '2019-02-13 19:34:18', 0.012, '0'),
('2', '2019-02-13 19:34:18', 0.013, '0'),
('1', '2019-02-13 19:34:21', 0.012, '0'),
('2', '2019-02-13 19:34:21', 0.011, '0'),
('1', '2019-02-13 19:34:24', 0.013, '0'),
('2', '2019-02-13 19:34:24', 0.011, '0'),
('1', '2019-02-13 19:34:26', 0.013, '0'),
('2', '2019-02-13 19:34:26', 0.012, '0'),
('1', '2019-02-13 19:34:29', 0.012, '0');
INSERT INTO `sensor_data` (`id_sensor`, `tgl_input`, `nilai`, `posisi`) VALUES
('2', '2019-02-13 19:34:29', 0.012, '0'),
('1', '2019-02-13 19:34:32', 0.012, '0'),
('2', '2019-02-13 19:34:32', 0.012, '0'),
('1', '2019-02-13 19:34:35', 0.014, '0'),
('2', '2019-02-13 19:34:35', 0.009, '0'),
('1', '2019-02-13 19:34:38', 0.013, '0'),
('2', '2019-02-13 19:34:38', 0.013, '0'),
('1', '2019-02-13 19:34:42', 0.012, '0'),
('2', '2019-02-13 19:34:42', 0.013, '0'),
('1', '2019-02-13 19:34:45', 0.013, '0'),
('2', '2019-02-13 19:34:45', 0.014, '0'),
('1', '2019-02-13 19:34:48', 0.014, '0'),
('2', '2019-02-13 19:34:48', 0.015, '0'),
('1', '2019-02-13 19:34:51', 0.012, '0'),
('2', '2019-02-13 19:34:51', 0.015, '0'),
('1', '2019-02-13 19:34:54', 0.013, '0'),
('2', '2019-02-13 19:34:54', 0.02, '0'),
('1', '2019-02-13 19:34:58', 0.02, '0'),
('2', '2019-02-13 19:34:58', 0.01, '0'),
('1', '2019-02-13 19:35:01', 0.013, '0'),
('2', '2019-02-13 19:35:01', 0.964, '1'),
('1', '2019-02-13 19:35:04', 0.013, '0'),
('2', '2019-02-13 19:35:04', 0.019, '0'),
('1', '2019-02-13 19:35:07', 0.014, '0'),
('2', '2019-02-13 19:35:07', 0.02, '0'),
('1', '2019-02-13 19:35:10', 0.013, '0'),
('2', '2019-02-13 19:35:10', 0.964, '1'),
('1', '2019-02-13 19:35:13', 0.013, '0'),
('2', '2019-02-13 19:35:13', 0.964, '1'),
('1', '2019-02-13 19:35:16', 0.012, '0'),
('2', '2019-02-13 19:35:16', 0.964, '1'),
('1', '2019-02-13 19:35:19', 0.014, '0'),
('2', '2019-02-13 19:35:19', 0.964, '1'),
('1', '2019-02-13 19:35:22', 0.015, '0'),
('2', '2019-02-13 19:35:22', 0.964, '1'),
('1', '2019-02-13 19:35:25', 0.014, '0'),
('2', '2019-02-13 19:35:25', 0.964, '1'),
('1', '2019-02-13 19:35:28', 0.014, '0'),
('2', '2019-02-13 19:35:28', 0.964, '1'),
('1', '2019-02-13 19:35:31', 0.015, '0'),
('2', '2019-02-13 19:35:31', 0.964, '1'),
('1', '2019-02-13 19:35:34', 0.014, '0'),
('2', '2019-02-13 19:35:34', 0.964, '1'),
('1', '2019-02-13 19:35:38', 0.015, '0'),
('2', '2019-02-13 19:35:38', 0.964, '1'),
('1', '2019-02-13 19:35:41', 0.014, '0'),
('2', '2019-02-13 19:35:41', 0.964, '1'),
('1', '2019-02-13 19:35:43', 0.015, '0'),
('2', '2019-02-13 19:35:43', 0.964, '1'),
('1', '2019-02-13 19:35:47', 0.018, '0'),
('2', '2019-02-13 19:35:47', 0.964, '1'),
('1', '2019-02-13 19:35:51', 0.014, '0'),
('2', '2019-02-13 19:35:51', 0.964, '1'),
('1', '2019-02-13 19:35:54', 0.015, '0'),
('2', '2019-02-13 19:35:54', 0.964, '1'),
('1', '2019-02-13 19:35:57', 0.015, '0'),
('2', '2019-02-13 19:35:57', 0.964, '1'),
('1', '2019-02-13 19:36:00', 0.015, '0'),
('2', '2019-02-13 19:36:00', 0.964, '1'),
('1', '2019-02-13 19:36:03', 0.015, '0'),
('2', '2019-02-13 19:36:03', 0.964, '1'),
('1', '2019-02-13 19:36:06', 0.015, '0'),
('2', '2019-02-13 19:36:06', 0.964, '1'),
('1', '2019-02-13 19:36:09', 0.02, '0'),
('2', '2019-02-13 19:36:09', 0.964, '1'),
('1', '2019-02-13 19:36:12', 0.017, '0'),
('2', '2019-02-13 19:36:12', 0.964, '1'),
('1', '2019-02-13 19:36:15', 0.017, '0'),
('2', '2019-02-13 19:36:15', 0.964, '1'),
('1', '2019-02-13 19:36:18', 0.016, '0'),
('2', '2019-02-13 19:36:18', 0.964, '1'),
('1', '2019-02-13 19:36:20', 0.016, '0'),
('2', '2019-02-13 19:36:20', 0.964, '1'),
('1', '2019-02-13 19:36:23', 0.016, '0'),
('2', '2019-02-13 19:36:23', 0.964, '1'),
('1', '2019-02-13 19:36:26', 0.017, '0'),
('2', '2019-02-13 19:36:26', 0.964, '1'),
('1', '2019-02-13 19:36:29', 0.015, '0'),
('2', '2019-02-13 19:36:29', 0.964, '1'),
('1', '2019-02-13 19:36:32', 0.017, '0'),
('2', '2019-02-13 19:36:32', 0.964, '1'),
('1', '2019-02-13 19:36:35', 0.017, '0'),
('2', '2019-02-13 19:36:35', 0.964, '1'),
('1', '2019-02-13 19:36:38', 0.016, '0'),
('2', '2019-02-13 19:36:38', 0.964, '1'),
('1', '2019-02-13 19:36:41', 0.028, '0'),
('2', '2019-02-13 19:36:41', 0.964, '1'),
('1', '2019-02-13 19:36:45', 0.017, '0'),
('2', '2019-02-13 19:36:45', 0.964, '1'),
('1', '2019-02-13 19:36:47', 0.017, '0'),
('2', '2019-02-13 19:36:47', 0.964, '1'),
('1', '2019-02-13 19:36:51', 0.018, '0'),
('2', '2019-02-13 19:36:51', 0.964, '1'),
('1', '2019-02-13 19:36:54', 0.017, '0'),
('2', '2019-02-13 19:36:54', 0.964, '1'),
('1', '2019-02-13 19:36:57', 0.017, '0'),
('2', '2019-02-13 19:36:57', 0.111, '0'),
('1', '2019-02-13 19:37:00', 0.016, '0'),
('2', '2019-02-13 19:37:00', 0.021, '0'),
('1', '2019-02-13 19:37:04', 0.015, '0'),
('2', '2019-02-13 19:37:04', 0.022, '0'),
('1', '2019-02-13 19:37:09', 0.015, '0'),
('2', '2019-02-13 19:37:09', 0.02, '0'),
('1', '2019-02-13 19:37:13', 0.015, '0'),
('2', '2019-02-13 19:37:13', 0.021, '0'),
('1', '2019-02-13 19:37:16', 0.017, '0'),
('2', '2019-02-13 19:37:16', 0.015, '0'),
('1', '2019-02-13 19:37:19', 0.014, '0'),
('2', '2019-02-13 19:37:19', 0.964, '1'),
('1', '2019-02-13 19:37:22', 0.013, '0'),
('2', '2019-02-13 19:37:22', 0.022, '0'),
('1', '2019-02-13 19:37:25', 0.013, '0'),
('2', '2019-02-13 19:37:25', 0.021, '0'),
('1', '2019-02-13 19:37:28', 0.013, '0'),
('2', '2019-02-13 19:37:28', 0.021, '0'),
('1', '2019-02-13 19:37:31', 0.012, '0'),
('2', '2019-02-13 19:37:31', 0.021, '0'),
('1', '2019-02-13 19:37:34', 0.014, '0'),
('2', '2019-02-13 19:37:34', 0.018, '0'),
('1', '2019-02-13 19:37:37', 0.013, '0'),
('2', '2019-02-13 19:37:37', 0.022, '0'),
('1', '2019-02-13 19:37:40', 0.012, '0'),
('2', '2019-02-13 19:37:40', 0.021, '0'),
('1', '2019-02-13 19:37:43', 0.013, '0'),
('2', '2019-02-13 19:37:43', 0.021, '0'),
('1', '2019-02-13 19:37:46', 0.013, '0'),
('2', '2019-02-13 19:37:46', 0.022, '0'),
('1', '2019-02-13 19:37:49', 0.013, '0'),
('2', '2019-02-13 19:37:49', 0.023, '0'),
('1', '2019-02-13 19:37:53', 0.013, '0'),
('2', '2019-02-13 19:37:53', 0.021, '0'),
('1', '2019-02-13 19:37:56', 0.014, '0'),
('2', '2019-02-13 19:37:56', 0.023, '0'),
('1', '2019-02-13 19:37:59', 0.017, '0'),
('2', '2019-02-13 19:37:59', 0.013, '0'),
('1', '2019-02-13 19:38:02', 0.013, '0'),
('2', '2019-02-13 19:38:02', 0.021, '0'),
('1', '2019-02-13 19:38:05', 0.013, '0'),
('2', '2019-02-13 19:38:05', 0.021, '0'),
('1', '2019-02-13 19:38:12', 0.014, '0'),
('2', '2019-02-13 19:38:12', 0.023, '0'),
('1', '2019-02-13 19:38:16', 0.013, '0'),
('2', '2019-02-13 19:38:16', 0.022, '0'),
('1', '2019-02-13 19:38:19', 0.014, '0'),
('2', '2019-02-13 19:38:19', 0.021, '0'),
('1', '2019-02-13 19:38:22', 0.013, '0'),
('2', '2019-02-13 19:38:22', 0.022, '0'),
('1', '2019-02-13 19:38:25', 0.013, '0'),
('2', '2019-02-13 19:38:25', 0.023, '0'),
('1', '2019-02-13 19:38:28', 0.013, '0'),
('2', '2019-02-13 19:38:28', 0.022, '0'),
('1', '2019-02-13 19:38:31', 0.014, '0'),
('2', '2019-02-13 19:38:31', 0.023, '0'),
('1', '2019-02-13 19:38:34', 0.013, '0'),
('2', '2019-02-13 19:38:34', 0.022, '0'),
('1', '2019-02-13 19:38:37', 0.013, '0'),
('2', '2019-02-13 19:38:37', 0.023, '0'),
('1', '2019-02-13 19:38:40', 0.013, '0'),
('2', '2019-02-13 19:38:40', 0.022, '0'),
('1', '2019-02-13 19:38:43', 0.017, '0'),
('2', '2019-02-13 19:38:43', 0.021, '0'),
('1', '2019-02-13 19:38:46', 0.014, '0'),
('2', '2019-02-13 19:38:46', 0.023, '0'),
('1', '2019-02-13 19:38:49', 0.014, '0'),
('2', '2019-02-13 19:38:49', 0.023, '0'),
('1', '2019-02-13 19:38:52', 0.014, '0'),
('2', '2019-02-13 19:38:52', 0.023, '0'),
('1', '2019-02-13 19:38:59', 0.015, '0'),
('2', '2019-02-13 19:38:59', 0.023, '0'),
('1', '2019-02-13 19:39:02', 0.018, '0'),
('2', '2019-02-13 19:39:02', 0.014, '0'),
('1', '2019-02-13 19:39:05', 0.014, '0'),
('2', '2019-02-13 19:39:05', 0.023, '0'),
('1', '2019-02-13 19:39:08', 0.014, '0'),
('2', '2019-02-13 19:39:08', 0.024, '0'),
('1', '2019-02-13 19:39:11', 0.014, '0'),
('2', '2019-02-13 19:39:11', 0.023, '0'),
('1', '2019-02-13 19:39:14', 0.013, '0'),
('2', '2019-02-13 19:39:14', 0.022, '0'),
('1', '2019-02-13 19:39:17', 0.014, '0'),
('2', '2019-02-13 19:39:17', 0.024, '0'),
('1', '2019-02-13 19:39:21', 0.015, '0'),
('2', '2019-02-13 19:39:21', 0.023, '0'),
('1', '2019-02-13 19:39:23', 0.014, '0'),
('2', '2019-02-13 19:39:23', 0.024, '0'),
('1', '2019-02-13 19:39:29', 0.014, '0'),
('2', '2019-02-13 19:39:29', 0.024, '0'),
('1', '2019-02-13 19:39:32', 0.016, '0'),
('2', '2019-02-13 19:39:32', 0.024, '0'),
('1', '2019-02-13 19:39:36', 0.016, '0'),
('2', '2019-02-13 19:39:36', 0.021, '0'),
('1', '2019-02-13 19:39:39', 0.015, '0'),
('2', '2019-02-13 19:39:39', 0.025, '0'),
('1', '2019-02-13 19:39:42', 0.015, '0'),
('2', '2019-02-13 19:39:42', 0.025, '0'),
('1', '2019-02-13 19:39:45', 0.016, '0'),
('2', '2019-02-13 19:39:45', 0.024, '0'),
('1', '2019-02-13 19:39:48', 0.015, '0'),
('2', '2019-02-13 19:39:48', 0.024, '0'),
('1', '2019-02-13 19:39:50', 0.014, '0'),
('2', '2019-02-13 19:39:50', 0.024, '0'),
('1', '2019-02-13 19:39:56', 0.015, '0'),
('2', '2019-02-13 19:39:56', 0.025, '0'),
('1', '2019-02-13 19:39:59', 0.014, '0'),
('2', '2019-02-13 19:39:59', 0.024, '0'),
('1', '2019-02-13 19:40:02', 0.015, '0'),
('2', '2019-02-13 19:40:02', 0.024, '0'),
('1', '2019-02-13 19:40:05', 0.015, '0'),
('2', '2019-02-13 19:40:05', 0.025, '0'),
('1', '2019-02-13 19:40:09', 0.015, '0'),
('2', '2019-02-13 19:40:09', 0.024, '0'),
('1', '2019-02-13 19:40:21', 0.016, '0'),
('2', '2019-02-13 19:40:21', 0.025, '0'),
('1', '2019-02-13 19:40:27', 0.015, '0'),
('2', '2019-02-13 19:40:27', 0.025, '0'),
('1', '2019-02-13 19:40:30', 0.016, '0'),
('2', '2019-02-13 19:40:30', 0.024, '0'),
('1', '2019-02-13 19:40:33', 0.015, '0'),
('2', '2019-02-13 19:40:33', 0.026, '0'),
('1', '2019-02-13 19:40:36', 0.015, '0'),
('2', '2019-02-13 19:40:36', 0.025, '0'),
('1', '2019-02-13 19:40:39', 0.016, '0'),
('2', '2019-02-13 19:40:39', 0.024, '0'),
('1', '2019-02-13 19:40:42', 0.014, '0'),
('2', '2019-02-13 19:40:42', 0.026, '0'),
('1', '2019-02-13 19:40:46', 0.015, '0'),
('2', '2019-02-13 19:40:46', 0.025, '0'),
('1', '2019-02-13 19:40:48', 0.015, '0'),
('2', '2019-02-13 19:40:48', 0.027, '0'),
('1', '2019-02-13 19:40:52', 0.015, '0'),
('2', '2019-02-13 19:40:52', 0.027, '0'),
('1', '2019-02-13 19:40:56', 0.016, '0'),
('2', '2019-02-13 19:40:56', 0.028, '0'),
('1', '2019-02-13 19:40:59', 0.017, '0'),
('2', '2019-02-13 19:40:59', 0.026, '0'),
('1', '2019-02-13 19:41:09', 0.017, '0'),
('2', '2019-02-13 19:41:09', 0.025, '0'),
('1', '2019-02-13 19:41:12', 0.017, '0'),
('2', '2019-02-13 19:41:12', 0.025, '0'),
('1', '2019-02-13 19:41:16', 0.016, '0'),
('2', '2019-02-13 19:41:16', 0.025, '0'),
('1', '2019-02-13 19:41:20', 0.018, '0'),
('2', '2019-02-13 19:41:20', 0.025, '0'),
('1', '2019-02-13 19:41:23', 0.018, '0'),
('2', '2019-02-13 19:41:23', 0.022, '0'),
('1', '2019-02-13 19:41:26', 0.018, '0'),
('2', '2019-02-13 19:41:26', 0.024, '0'),
('1', '2019-02-13 19:41:28', 0.018, '0'),
('2', '2019-02-13 19:41:28', 0.025, '0'),
('1', '2019-02-13 19:41:32', 0.017, '0'),
('2', '2019-02-13 19:41:32', 0.025, '0'),
('1', '2019-02-13 19:41:35', 0.017, '0'),
('2', '2019-02-13 19:41:35', 0.021, '0'),
('1', '2019-02-13 19:41:37', 0.018, '0'),
('2', '2019-02-13 19:41:37', 0.019, '0'),
('1', '2019-02-13 19:41:40', 0.018, '0'),
('2', '2019-02-13 19:41:40', 0.026, '0'),
('1', '2019-02-13 19:41:43', 0.02, '0'),
('2', '2019-02-13 19:41:43', 0.024, '0'),
('1', '2019-02-13 19:41:47', 0.022, '0'),
('2', '2019-02-13 19:41:47', 0.027, '0'),
('1', '2019-02-13 19:41:50', 0.019, '0'),
('2', '2019-02-13 19:41:50', 0.025, '0'),
('1', '2019-02-13 19:41:53', 0.02, '0'),
('2', '2019-02-13 19:41:53', 0.026, '0'),
('1', '2019-02-13 19:41:56', 0.018, '0'),
('2', '2019-02-13 19:41:56', 0.027, '0'),
('1', '2019-02-13 22:56:27', -0.003, '0'),
('2', '2019-02-13 22:56:27', -0.004, '0'),
('1', '2019-02-13 22:56:30', -0.003, '0'),
('2', '2019-02-13 22:56:30', -0.163, '1'),
('1', '2019-02-13 22:56:33', -0.201, '1'),
('2', '2019-02-13 22:56:33', 0.002, '0'),
('1', '2019-02-13 22:56:36', -0.003, '0'),
('2', '2019-02-13 22:56:36', 0.001, '0'),
('1', '2019-02-13 22:56:40', -0.002, '0'),
('2', '2019-02-13 22:56:40', 0.001, '0'),
('1', '2019-02-13 22:56:43', -0.003, '0'),
('2', '2019-02-13 22:56:43', 0.003, '0'),
('1', '2019-02-13 22:56:46', -0.003, '0'),
('2', '2019-02-13 22:56:46', 0, '0'),
('1', '2019-02-13 22:56:49', -0.004, '0'),
('2', '2019-02-13 22:56:49', 0.003, '0'),
('1', '2019-02-13 22:56:55', -0.002, '0'),
('2', '2019-02-13 22:56:55', 0.004, '0'),
('1', '2019-02-13 22:56:58', -0.003, '0'),
('2', '2019-02-13 22:56:58', 0.003, '0'),
('1', '2019-02-13 22:57:01', -0.001, '0'),
('2', '2019-02-13 22:57:01', 0.002, '0'),
('1', '2019-02-13 22:57:04', -0.004, '0'),
('2', '2019-02-13 22:57:04', 0.004, '0'),
('1', '2019-02-13 22:57:07', -0.004, '0'),
('2', '2019-02-13 22:57:07', 0.004, '0'),
('1', '2019-02-13 22:57:10', -0.004, '0'),
('2', '2019-02-13 22:57:10', 0.005, '0'),
('1', '2019-02-13 22:57:14', -0.004, '0'),
('2', '2019-02-13 22:57:14', 0.004, '0'),
('1', '2019-02-13 22:57:17', -0.002, '0'),
('2', '2019-02-13 22:57:17', -0.002, '0'),
('1', '2019-02-13 22:57:20', -0.006, '0'),
('2', '2019-02-13 22:57:20', 0.003, '0'),
('1', '2019-02-13 22:57:23', -0.005, '0'),
('2', '2019-02-13 22:57:23', 0.005, '0'),
('1', '2019-02-14 12:50:47', 0.075, '0'),
('2', '2019-02-14 12:50:47', 0.018, '0'),
('1', '2019-02-14 12:50:49', 0.083, '0'),
('2', '2019-02-14 12:50:49', 0.101, '0'),
('1', '2019-02-14 12:50:52', 0.043, '0'),
('2', '2019-02-14 12:50:52', -0.588, '1'),
('1', '2019-02-14 12:50:56', 0.112, '0'),
('2', '2019-02-14 12:50:56', 0.024, '0'),
('1', '2019-02-14 12:51:00', 0.065, '0'),
('2', '2019-02-14 12:51:00', -0.774, '1'),
('1', '2019-02-14 12:51:02', 0.057, '0'),
('2', '2019-02-14 12:51:02', 0.895, '1'),
('1', '2019-02-14 12:51:08', 0.057, '0'),
('2', '2019-02-14 12:51:08', 0.895, '1'),
('1', '2019-02-14 12:51:11', 0.057, '0'),
('2', '2019-02-14 12:51:11', 0.895, '1'),
('1', '2019-02-14 12:51:14', 0.057, '0'),
('2', '2019-02-14 12:51:14', 0.895, '1'),
('1', '2019-02-14 12:51:18', 0.057, '0'),
('2', '2019-02-14 12:51:18', 0.895, '1'),
('1', '2019-02-14 12:51:22', 0.057, '0'),
('2', '2019-02-14 12:51:22', 0.895, '1'),
('1', '2019-02-14 12:51:28', 0.057, '0'),
('2', '2019-02-14 12:51:28', 0.895, '1'),
('1', '2019-02-14 12:51:31', 0.057, '0'),
('2', '2019-02-14 12:51:31', 0.895, '1'),
('1', '2019-02-14 12:51:34', 0.057, '0'),
('2', '2019-02-14 12:51:34', 0.895, '1'),
('1', '2019-02-14 12:51:37', -0.451, '1'),
('2', '2019-02-14 12:51:37', 0.895, '1'),
('1', '2019-02-14 12:51:40', 0.057, '0'),
('2', '2019-02-14 12:51:40', 0.895, '1'),
('1', '2019-02-14 12:51:42', 0.124, '0'),
('2', '2019-02-14 12:51:42', 0.014, '0'),
('1', '2019-02-14 12:51:46', 0.057, '0'),
('2', '2019-02-14 12:51:46', -0.362, '1'),
('1', '2019-02-14 12:51:49', 0.057, '0'),
('2', '2019-02-14 12:51:49', -0.739, '1'),
('1', '2019-02-14 12:54:08', 0, '0'),
('2', '2019-02-14 12:54:08', 0, '0'),
('1', '2019-02-14 12:54:11', 0, '0'),
('2', '2019-02-14 12:54:11', 0, '0'),
('1', '2019-02-14 12:54:14', -0.067, '0'),
('2', '2019-02-14 12:54:14', 0, '0'),
('1', '2019-02-14 12:54:17', -0.065, '0'),
('2', '2019-02-14 12:54:17', 0, '0'),
('1', '2019-02-14 12:54:20', -0.059, '0'),
('2', '2019-02-14 12:54:20', 0, '0'),
('1', '2019-02-14 12:54:23', 0, '0'),
('2', '2019-02-14 12:54:23', 0, '0'),
('1', '2019-02-14 12:54:26', 0, '0'),
('2', '2019-02-14 12:54:26', 0, '0'),
('1', '2019-02-14 12:54:29', 0, '0'),
('2', '2019-02-14 12:54:29', 0, '0'),
('1', '2019-02-14 12:54:32', 0, '0'),
('2', '2019-02-14 12:54:32', 0, '0'),
('1', '2019-02-14 12:54:35', 0, '0'),
('2', '2019-02-14 12:54:35', 0, '0'),
('1', '2019-02-14 12:58:10', 0.001, '0'),
('2', '2019-02-14 12:58:10', 0, '0'),
('1', '2019-02-14 12:58:14', 0.002, '0'),
('2', '2019-02-14 12:58:14', 0, '0'),
('1', '2019-02-14 12:58:17', -0.002, '0'),
('2', '2019-02-14 12:58:17', 0, '0'),
('1', '2019-02-14 12:58:20', 0.004, '0'),
('2', '2019-02-14 12:58:20', 0, '0'),
('1', '2019-02-14 12:58:23', 0.003, '0'),
('2', '2019-02-14 12:58:23', 0, '0'),
('1', '2019-02-14 12:58:26', 0.002, '0'),
('2', '2019-02-14 12:58:26', 0, '0'),
('1', '2019-02-14 12:58:29', 0.003, '0'),
('2', '2019-02-14 12:58:29', 0, '0'),
('1', '2019-02-14 12:58:32', 0.002, '0'),
('2', '2019-02-14 12:58:32', 0, '0'),
('1', '2019-02-14 12:58:35', 0.001, '0'),
('2', '2019-02-14 12:58:35', 0, '0'),
('1', '2019-02-14 12:58:38', -0.002, '0'),
('2', '2019-02-14 12:58:38', 0, '0'),
('1', '2019-02-14 12:58:41', -0.003, '0'),
('2', '2019-02-14 12:58:41', 0, '0'),
('1', '2019-02-14 12:58:44', -0.002, '0'),
('2', '2019-02-14 12:58:44', 0, '0'),
('1', '2019-02-14 12:58:47', -0.007, '0'),
('2', '2019-02-14 12:58:47', -0.929, '1'),
('1', '2019-02-14 12:58:49', -0.018, '0'),
('2', '2019-02-14 12:58:49', 0, '0'),
('1', '2019-02-14 12:58:52', -0.015, '0'),
('2', '2019-02-14 12:58:52', 0, '0'),
('1', '2019-02-14 12:58:55', -0.017, '0'),
('2', '2019-02-14 12:58:55', 0, '0'),
('1', '2019-02-14 12:58:58', -0.016, '0'),
('2', '2019-02-14 12:58:58', 0, '0'),
('1', '2019-02-14 12:59:01', 0.043, '0'),
('2', '2019-02-14 12:59:01', 0, '0'),
('1', '2019-02-14 12:59:04', -0.018, '0'),
('2', '2019-02-14 12:59:04', 0, '0'),
('1', '2019-02-14 12:59:09', -0.015, '0'),
('2', '2019-02-14 12:59:09', 0, '0'),
('1', '2019-02-14 12:59:11', -0.017, '0'),
('2', '2019-02-14 12:59:11', 0, '0'),
('1', '2019-02-14 12:59:14', -0.019, '0'),
('2', '2019-02-14 12:59:14', 0, '0'),
('1', '2019-02-14 12:59:17', -0.148, '0'),
('2', '2019-02-14 12:59:17', 0, '0'),
('1', '2019-02-14 12:59:20', -0.149, '0'),
('2', '2019-02-14 12:59:20', 0, '0'),
('1', '2019-02-14 12:59:24', -0.148, '0'),
('2', '2019-02-14 12:59:24', 0, '0'),
('1', '2019-02-14 12:59:27', -0.018, '0'),
('2', '2019-02-14 12:59:27', 0, '0'),
('1', '2019-02-14 12:59:30', -0.019, '0'),
('2', '2019-02-14 12:59:30', 0, '0'),
('1', '2019-02-14 12:59:33', -0.018, '0'),
('2', '2019-02-14 12:59:33', 0, '0'),
('1', '2019-02-14 12:59:36', -0.018, '0'),
('2', '2019-02-14 12:59:36', 0, '0'),
('1', '2019-02-14 12:59:39', -0.018, '0'),
('2', '2019-02-14 12:59:39', 0, '0'),
('1', '2019-02-14 12:59:42', -0.148, '0'),
('2', '2019-02-14 12:59:42', 0, '0'),
('1', '2019-02-14 12:59:45', -0.149, '0'),
('2', '2019-02-14 12:59:45', 0, '0'),
('1', '2019-02-14 12:59:48', -0.149, '0'),
('2', '2019-02-14 12:59:48', 0, '0'),
('1', '2019-02-14 12:59:51', -0.148, '0'),
('2', '2019-02-14 12:59:51', 0, '0'),
('1', '2019-02-14 12:59:54', -0.148, '0'),
('2', '2019-02-14 12:59:54', 0, '0'),
('1', '2019-02-14 12:59:57', -0.149, '0'),
('2', '2019-02-14 12:59:57', 0, '0'),
('1', '2019-02-14 13:00:00', -0.148, '0'),
('2', '2019-02-14 13:00:00', 0, '0'),
('1', '2019-02-14 13:00:03', -0.148, '0'),
('2', '2019-02-14 13:00:03', 0, '0'),
('1', '2019-02-14 13:00:07', -0.15, '0'),
('2', '2019-02-14 13:00:07', 0, '0'),
('1', '2019-02-14 13:00:10', -0.151, '1'),
('2', '2019-02-14 13:00:10', 0, '0'),
('1', '2019-02-14 13:00:13', -0.148, '0'),
('2', '2019-02-14 13:00:13', 0, '0'),
('1', '2019-02-14 13:00:16', -0.149, '0'),
('2', '2019-02-14 13:00:16', 0, '0'),
('1', '2019-02-14 13:00:19', -0.147, '0'),
('2', '2019-02-14 13:00:19', 0, '0'),
('1', '2019-02-14 13:00:22', -0.148, '0'),
('2', '2019-02-14 13:00:22', 0, '0'),
('1', '2019-02-14 13:00:25', -0.148, '0'),
('2', '2019-02-14 13:00:25', 0, '0'),
('1', '2019-02-14 13:00:28', -0.148, '0'),
('2', '2019-02-14 13:00:28', 0, '0'),
('1', '2019-02-14 13:00:31', -0.018, '0'),
('2', '2019-02-14 13:00:31', 0, '0'),
('1', '2019-02-14 13:00:34', -0.018, '0'),
('2', '2019-02-14 13:00:34', 0, '0'),
('1', '2019-02-14 13:00:38', -0.017, '0'),
('2', '2019-02-14 13:00:38', 0, '0'),
('1', '2019-02-14 13:00:41', -0.018, '0'),
('2', '2019-02-14 13:00:41', 0, '0'),
('1', '2019-02-14 13:00:44', -0.017, '0'),
('2', '2019-02-14 13:00:44', 0, '0'),
('1', '2019-02-14 13:00:47', -0.018, '0'),
('2', '2019-02-14 13:00:47', 0, '0'),
('1', '2019-02-14 13:00:50', -0.017, '0'),
('2', '2019-02-14 13:00:50', 0, '0'),
('1', '2019-02-14 13:00:52', -0.017, '0'),
('2', '2019-02-14 13:00:52', 0, '0'),
('1', '2019-02-14 13:00:55', -0.017, '0'),
('2', '2019-02-14 13:00:55', 0, '0'),
('1', '2019-02-14 13:00:58', -0.017, '0'),
('2', '2019-02-14 13:00:58', 0, '0'),
('1', '2019-02-14 13:01:02', -0.019, '0'),
('2', '2019-02-14 13:01:02', 0, '0'),
('1', '2019-02-14 13:01:04', -0.016, '0'),
('2', '2019-02-14 13:01:04', 0, '0'),
('1', '2019-02-14 13:01:08', -0.015, '0'),
('2', '2019-02-14 13:01:08', 0, '0'),
('1', '2019-02-14 13:01:11', -0.017, '0'),
('2', '2019-02-14 13:01:11', 0, '0'),
('1', '2019-02-14 13:01:14', -0.017, '0'),
('2', '2019-02-14 13:01:14', 0, '0'),
('1', '2019-02-14 13:01:19', -0.016, '0'),
('2', '2019-02-14 13:01:19', 0, '0'),
('1', '2019-02-14 13:01:21', -0.016, '0'),
('2', '2019-02-14 13:01:21', 0, '0'),
('1', '2019-02-14 13:01:24', -0.02, '0'),
('2', '2019-02-14 13:01:24', 0, '0'),
('1', '2019-02-14 13:01:30', -0.019, '0'),
('2', '2019-02-14 13:01:30', 0, '0'),
('1', '2019-02-14 13:01:33', 0.043, '0'),
('2', '2019-02-14 13:01:33', 0, '0'),
('1', '2019-02-14 13:01:36', 0.043, '0'),
('2', '2019-02-14 13:01:36', 0, '0'),
('1', '2019-02-14 13:01:40', 0.043, '0'),
('2', '2019-02-14 13:01:40', 0, '0'),
('1', '2019-02-14 13:01:42', 0.043, '0'),
('2', '2019-02-14 13:01:42', 0, '0'),
('1', '2019-02-14 13:01:45', 0.043, '0'),
('2', '2019-02-14 13:01:45', 0, '0'),
('1', '2019-02-14 13:01:48', 0.043, '0'),
('2', '2019-02-14 13:01:48', 0, '0'),
('1', '2019-02-14 13:01:51', 0.043, '0'),
('2', '2019-02-14 13:01:51', 0, '0'),
('1', '2019-02-14 13:01:54', 0.043, '0'),
('2', '2019-02-14 13:01:54', 0, '0'),
('1', '2019-02-14 13:01:57', 0.043, '0'),
('2', '2019-02-14 13:01:57', 0, '0'),
('1', '2019-02-14 13:02:01', 0.043, '0'),
('2', '2019-02-14 13:02:01', 0, '0'),
('1', '2019-02-14 13:02:04', 0.043, '0'),
('2', '2019-02-14 13:02:04', 0, '0'),
('1', '2019-02-14 13:02:08', 0.043, '0'),
('2', '2019-02-14 13:02:08', 0, '0'),
('1', '2019-02-14 13:02:11', 0.043, '0'),
('2', '2019-02-14 13:02:11', 0, '0'),
('1', '2019-02-14 13:02:14', 0.043, '0'),
('2', '2019-02-14 13:02:14', 0, '0'),
('1', '2019-02-14 13:02:18', 0.043, '0'),
('2', '2019-02-14 13:02:18', 0, '0'),
('1', '2019-02-14 13:02:26', 0.043, '0'),
('2', '2019-02-14 13:02:26', 0, '0'),
('1', '2019-02-14 13:02:30', 0.043, '0'),
('2', '2019-02-14 13:02:30', 0, '0'),
('1', '2019-02-14 13:02:33', 0.043, '0'),
('2', '2019-02-14 13:02:33', 0, '0'),
('1', '2019-02-14 13:02:36', 0.043, '0'),
('2', '2019-02-14 13:02:36', 0, '0'),
('1', '2019-02-14 13:02:39', 0.043, '0'),
('2', '2019-02-14 13:02:39', 0, '0'),
('1', '2019-02-14 13:02:44', 0.043, '0'),
('2', '2019-02-14 13:02:44', 0, '0'),
('1', '2019-02-14 13:02:47', 0.043, '0'),
('2', '2019-02-14 13:02:47', 0, '0'),
('1', '2019-02-14 13:02:50', 0.043, '0'),
('2', '2019-02-14 13:02:50', 0, '0'),
('1', '2019-02-14 13:02:53', 0.043, '0'),
('2', '2019-02-14 13:02:53', 0, '0'),
('1', '2019-02-14 13:02:56', 0.043, '0'),
('2', '2019-02-14 13:02:56', 0, '0'),
('1', '2019-02-14 13:02:59', 0.043, '0'),
('2', '2019-02-14 13:02:59', 0, '0'),
('1', '2019-02-14 13:03:02', 0.043, '0'),
('2', '2019-02-14 13:03:02', 0, '0'),
('1', '2019-02-14 13:03:05', 0.043, '0'),
('2', '2019-02-14 13:03:05', 0, '0'),
('1', '2019-02-14 13:03:08', 0.043, '0'),
('2', '2019-02-14 13:03:08', 0, '0'),
('1', '2019-02-14 13:03:11', 0.043, '0'),
('2', '2019-02-14 13:03:11', 0, '0'),
('1', '2019-02-14 13:03:14', 0.043, '0'),
('2', '2019-02-14 13:03:14', 0, '0'),
('1', '2019-02-14 13:03:17', 0.043, '0'),
('2', '2019-02-14 13:03:17', 0, '0'),
('1', '2019-02-14 13:03:20', 0.043, '0'),
('2', '2019-02-14 13:03:20', 0, '0'),
('1', '2019-02-14 13:03:23', 0.043, '0'),
('2', '2019-02-14 13:03:23', 0, '0'),
('1', '2019-02-14 13:03:26', 0.043, '0'),
('2', '2019-02-14 13:03:26', 0, '0'),
('1', '2019-02-14 13:03:29', 0.043, '0'),
('2', '2019-02-14 13:03:29', 0, '0'),
('1', '2019-02-14 13:03:32', 0.043, '0'),
('2', '2019-02-14 13:03:32', 0, '0'),
('1', '2019-02-14 13:03:35', 0.043, '0'),
('2', '2019-02-14 13:03:35', 0, '0'),
('1', '2019-02-14 13:03:38', 0.043, '0'),
('2', '2019-02-14 13:03:38', 0, '0'),
('1', '2019-02-14 13:03:40', 0.043, '0'),
('2', '2019-02-14 13:03:40', 0, '0'),
('1', '2019-02-14 13:03:43', 0.043, '0'),
('2', '2019-02-14 13:03:43', 0, '0'),
('1', '2019-02-14 13:03:47', 0.043, '0'),
('2', '2019-02-14 13:03:47', 0, '0'),
('1', '2019-02-14 13:03:50', 0.043, '0'),
('2', '2019-02-14 13:03:50', 0, '0'),
('1', '2019-02-14 13:03:53', 0.043, '0'),
('2', '2019-02-14 13:03:53', 0, '0'),
('1', '2019-02-14 13:03:56', 0.043, '0'),
('2', '2019-02-14 13:03:56', 0, '0'),
('1', '2019-02-14 13:03:59', 0.043, '0'),
('2', '2019-02-14 13:03:59', 0, '0'),
('1', '2019-02-14 13:04:02', 0.043, '0'),
('2', '2019-02-14 13:04:02', 0, '0'),
('1', '2019-02-14 13:04:04', 0.043, '0'),
('2', '2019-02-14 13:04:04', 0, '0'),
('1', '2019-02-14 13:04:07', 0.043, '0'),
('2', '2019-02-14 13:04:07', 0, '0'),
('1', '2019-02-14 13:04:10', 0.043, '0'),
('2', '2019-02-14 13:04:10', 0, '0'),
('1', '2019-02-14 13:04:14', 0.043, '0'),
('2', '2019-02-14 13:04:14', 0, '0'),
('1', '2019-02-14 13:04:17', 0.043, '0'),
('2', '2019-02-14 13:04:17', 0, '0'),
('1', '2019-02-14 13:04:20', 0.043, '0'),
('2', '2019-02-14 13:04:20', 0, '0'),
('1', '2019-02-14 13:04:23', 0.043, '0'),
('2', '2019-02-14 13:04:23', 0, '0'),
('1', '2019-02-14 13:04:26', 0.043, '0'),
('2', '2019-02-14 13:04:26', 0, '0'),
('1', '2019-02-14 13:04:29', 0.043, '0'),
('2', '2019-02-14 13:04:29', 0, '0'),
('1', '2019-02-14 13:04:32', 0.043, '0'),
('2', '2019-02-14 13:04:32', 0, '0'),
('1', '2019-02-14 13:04:35', 0.043, '0'),
('2', '2019-02-14 13:04:35', 0, '0'),
('1', '2019-02-14 13:04:38', 0.043, '0'),
('2', '2019-02-14 13:04:38', 0, '0'),
('1', '2019-02-14 13:04:41', 0.043, '0'),
('2', '2019-02-14 13:04:41', 0, '0'),
('1', '2019-02-14 13:04:44', 0.043, '0'),
('2', '2019-02-14 13:04:44', 0, '0'),
('1', '2019-02-14 13:04:47', 0.043, '0'),
('2', '2019-02-14 13:04:47', 0, '0'),
('1', '2019-02-14 13:04:50', 0.043, '0'),
('2', '2019-02-14 13:04:50', 0, '0'),
('1', '2019-02-14 13:04:52', 0.043, '0'),
('2', '2019-02-14 13:04:52', 0, '0'),
('1', '2019-02-14 13:04:55', 0.043, '0'),
('2', '2019-02-14 13:04:55', 0, '0'),
('1', '2019-02-14 13:04:58', 0.043, '0'),
('2', '2019-02-14 13:04:58', 0, '0'),
('1', '2019-02-14 13:05:01', 0.043, '0'),
('2', '2019-02-14 13:05:01', 0, '0'),
('1', '2019-02-14 13:05:04', 0.043, '0'),
('2', '2019-02-14 13:05:04', 0, '0'),
('1', '2019-02-14 13:05:06', 0.043, '0'),
('2', '2019-02-14 13:05:06', 0, '0'),
('1', '2019-02-14 13:05:09', 0.043, '0'),
('2', '2019-02-14 13:05:09', 0, '0'),
('1', '2019-02-14 13:05:12', 0.043, '0'),
('2', '2019-02-14 13:05:12', 0, '0'),
('1', '2019-02-14 13:05:15', 0.043, '0'),
('2', '2019-02-14 13:05:15', 0, '0'),
('1', '2019-02-14 13:05:19', 0.043, '0'),
('2', '2019-02-14 13:05:19', 0, '0'),
('1', '2019-02-14 13:05:22', 0.043, '0'),
('2', '2019-02-14 13:05:22', 0, '0'),
('1', '2019-02-14 13:05:25', 0.043, '0'),
('2', '2019-02-14 13:05:25', 0, '0'),
('1', '2019-02-14 13:05:27', 0.043, '0'),
('2', '2019-02-14 13:05:27', 0, '0'),
('1', '2019-02-14 13:05:30', 0.043, '0'),
('2', '2019-02-14 13:05:30', 0, '0'),
('1', '2019-02-14 13:05:33', 0.043, '0'),
('2', '2019-02-14 13:05:33', 0, '0'),
('1', '2019-02-14 13:05:36', 0.043, '0'),
('2', '2019-02-14 13:05:36', 0, '0'),
('1', '2019-02-14 13:05:40', 0.043, '0'),
('2', '2019-02-14 13:05:40', 0, '0'),
('1', '2019-02-14 13:05:43', 0.043, '0'),
('2', '2019-02-14 13:05:43', 0, '0'),
('1', '2019-02-14 13:05:46', 0.043, '0'),
('2', '2019-02-14 13:05:46', 0, '0'),
('1', '2019-02-14 13:05:48', 0.043, '0'),
('2', '2019-02-14 13:05:48', 0, '0'),
('1', '2019-02-14 13:05:52', 0.043, '0'),
('2', '2019-02-14 13:05:52', 0, '0'),
('1', '2019-02-14 13:05:54', 0.043, '0'),
('2', '2019-02-14 13:05:54', 0, '0'),
('1', '2019-02-14 13:05:58', 0.043, '0'),
('2', '2019-02-14 13:05:58', 0, '0'),
('1', '2019-02-14 13:06:01', 0.043, '0'),
('2', '2019-02-14 13:06:01', 0, '0'),
('1', '2019-02-14 13:06:03', 0.043, '0'),
('2', '2019-02-14 13:06:03', 0, '0'),
('1', '2019-02-14 13:06:06', 0.043, '0'),
('2', '2019-02-14 13:06:06', 0, '0'),
('1', '2019-02-14 13:06:11', 0.043, '0'),
('2', '2019-02-14 13:06:11', 0, '0'),
('1', '2019-02-14 13:06:14', 0.043, '0'),
('2', '2019-02-14 13:06:14', 0, '0'),
('1', '2019-02-14 13:06:17', 0.043, '0'),
('2', '2019-02-14 13:06:17', 0, '0'),
('1', '2019-02-14 13:06:20', 0.043, '0'),
('2', '2019-02-14 13:06:20', 0, '0'),
('1', '2019-02-14 13:06:23', 0.043, '0'),
('2', '2019-02-14 13:06:23', 0, '0'),
('1', '2019-02-14 13:06:25', 0.043, '0'),
('2', '2019-02-14 13:06:25', 0, '0'),
('1', '2019-02-14 13:06:28', 0.043, '0'),
('2', '2019-02-14 13:06:28', 0, '0'),
('1', '2019-02-14 13:06:31', 0.043, '0'),
('2', '2019-02-14 13:06:31', 0, '0'),
('1', '2019-02-14 13:06:34', 0.043, '0'),
('2', '2019-02-14 13:06:34', 0, '0'),
('1', '2019-02-14 13:06:38', 0.043, '0'),
('2', '2019-02-14 13:06:38', 0, '0'),
('1', '2019-02-14 13:06:41', 0.043, '0'),
('2', '2019-02-14 13:06:41', 0, '0'),
('1', '2019-02-14 13:06:43', 0.043, '0'),
('2', '2019-02-14 13:06:43', 0, '0'),
('1', '2019-02-14 13:06:46', 0.043, '0'),
('2', '2019-02-14 13:06:46', 0, '0'),
('1', '2019-02-14 13:06:49', 0.043, '0'),
('2', '2019-02-14 13:06:49', 0, '0'),
('1', '2019-02-14 13:06:52', 0.043, '0'),
('2', '2019-02-14 13:06:52', 0, '0'),
('1', '2019-02-14 13:06:55', 0.043, '0'),
('2', '2019-02-14 13:06:55', 0, '0'),
('1', '2019-02-14 13:06:58', 0.043, '0'),
('2', '2019-02-14 13:06:58', 0, '0'),
('1', '2019-02-14 13:07:01', 0.043, '0'),
('2', '2019-02-14 13:07:01', 0, '0'),
('1', '2019-02-14 13:07:06', 0.043, '0'),
('2', '2019-02-14 13:07:06', 0, '0'),
('1', '2019-02-14 13:07:10', 0.043, '0'),
('2', '2019-02-14 13:07:10', 0, '0'),
('1', '2019-02-14 13:07:13', 0.043, '0'),
('2', '2019-02-14 13:07:13', 0, '0'),
('1', '2019-02-14 13:07:16', 0.043, '0'),
('2', '2019-02-14 13:07:16', 0, '0'),
('1', '2019-02-14 13:07:19', 0.043, '0'),
('2', '2019-02-14 13:07:19', 0, '0'),
('1', '2019-02-14 13:07:23', 0.043, '0'),
('2', '2019-02-14 13:07:23', 0, '0'),
('1', '2019-02-14 13:07:26', 0.043, '0'),
('2', '2019-02-14 13:07:26', 0, '0'),
('1', '2019-02-14 13:07:29', 0.043, '0'),
('2', '2019-02-14 13:07:29', 0, '0'),
('1', '2019-02-14 13:07:32', 0.043, '0'),
('2', '2019-02-14 13:07:32', 0, '0'),
('1', '2019-02-14 13:07:35', 0.043, '0'),
('2', '2019-02-14 13:07:35', 0, '0'),
('1', '2019-02-14 13:07:39', 0.043, '0'),
('2', '2019-02-14 13:07:39', 0, '0'),
('1', '2019-02-14 13:07:42', 0.043, '0'),
('2', '2019-02-14 13:07:42', 0, '0'),
('1', '2019-02-14 13:07:45', 0.043, '0'),
('2', '2019-02-14 13:07:45', 0, '0'),
('1', '2019-02-14 13:07:48', 0.043, '0'),
('2', '2019-02-14 13:07:48', 0, '0'),
('1', '2019-02-14 13:07:51', 0.043, '0'),
('2', '2019-02-14 13:07:51', 0, '0'),
('1', '2019-02-14 13:07:54', 0.043, '0'),
('2', '2019-02-14 13:07:54', 0, '0'),
('1', '2019-02-14 13:07:57', 0.043, '0'),
('2', '2019-02-14 13:07:57', 0, '0'),
('1', '2019-02-14 13:08:00', 0.043, '0'),
('2', '2019-02-14 13:08:00', 0, '0'),
('1', '2019-02-14 13:08:03', 0.043, '0'),
('2', '2019-02-14 13:08:03', 0, '0'),
('1', '2019-02-14 13:08:06', 0.043, '0'),
('2', '2019-02-14 13:08:06', 0, '0'),
('1', '2019-02-14 13:08:08', 0.043, '0'),
('2', '2019-02-14 13:08:08', 0, '0'),
('1', '2019-02-14 13:08:12', 0.043, '0'),
('2', '2019-02-14 13:08:12', 0, '0'),
('1', '2019-02-14 13:08:14', 0.043, '0'),
('2', '2019-02-14 13:08:14', 0, '0'),
('1', '2019-02-14 13:08:17', 0.043, '0'),
('2', '2019-02-14 13:08:17', 0, '0'),
('1', '2019-02-14 13:08:20', 0.043, '0'),
('2', '2019-02-14 13:08:20', 0, '0'),
('1', '2019-02-14 13:08:24', 0.043, '0'),
('2', '2019-02-14 13:08:24', 0, '0'),
('1', '2019-02-14 13:08:27', 0.043, '0'),
('2', '2019-02-14 13:08:27', 0, '0'),
('1', '2019-02-14 13:08:30', 0.043, '0'),
('2', '2019-02-14 13:08:30', 0, '0'),
('1', '2019-02-14 13:08:32', 0.043, '0'),
('2', '2019-02-14 13:08:32', 0, '0'),
('1', '2019-02-14 13:08:35', 0.043, '0'),
('2', '2019-02-14 13:08:35', 0, '0'),
('1', '2019-02-14 13:08:41', 0.043, '0'),
('2', '2019-02-14 13:08:41', 0, '0'),
('1', '2019-02-14 13:08:45', 0.043, '0'),
('2', '2019-02-14 13:08:45', 0, '0'),
('1', '2019-02-14 13:08:47', 0.043, '0'),
('2', '2019-02-14 13:08:47', 0, '0'),
('1', '2019-02-14 13:08:50', 0.043, '0'),
('2', '2019-02-14 13:08:50', 0, '0'),
('1', '2019-02-14 13:08:53', 0.043, '0'),
('2', '2019-02-14 13:08:53', 0, '0'),
('1', '2019-02-14 13:08:56', 0.043, '0'),
('2', '2019-02-14 13:08:56', 0, '0'),
('1', '2019-02-14 13:08:59', 0.043, '0'),
('2', '2019-02-14 13:08:59', 0, '0'),
('1', '2019-02-14 13:09:02', 0.043, '0'),
('2', '2019-02-14 13:09:02', 0, '0'),
('1', '2019-02-14 13:09:05', 0.043, '0'),
('2', '2019-02-14 13:09:05', 0, '0'),
('1', '2019-02-14 13:09:08', 0.043, '0'),
('2', '2019-02-14 13:09:08', 0, '0'),
('1', '2019-02-14 13:09:11', 0.043, '0'),
('2', '2019-02-14 13:09:11', 0, '0'),
('1', '2019-02-14 13:09:15', 0.043, '0'),
('2', '2019-02-14 13:09:15', 0, '0'),
('1', '2019-02-14 13:09:19', 0.043, '0'),
('2', '2019-02-14 13:09:19', 0, '0'),
('1', '2019-02-14 13:09:21', -0.02, '0'),
('2', '2019-02-14 13:09:21', 0, '0'),
('1', '2019-02-14 13:09:24', -0.021, '0'),
('2', '2019-02-14 13:09:24', 0, '0'),
('1', '2019-02-14 13:09:27', -0.021, '0'),
('2', '2019-02-14 13:09:27', 0, '0'),
('1', '2019-02-14 13:09:30', 0.043, '0'),
('2', '2019-02-14 13:09:30', 0, '0'),
('1', '2019-02-14 13:09:33', -0.022, '0'),
('2', '2019-02-14 13:09:33', 0, '0'),
('1', '2019-02-14 13:09:36', -0.019, '0'),
('2', '2019-02-14 13:09:36', 0, '0'),
('1', '2019-02-14 13:09:39', -0.02, '0'),
('2', '2019-02-14 13:09:39', 0, '0'),
('1', '2019-02-14 13:09:42', -0.019, '0'),
('2', '2019-02-14 13:09:42', 0, '0'),
('1', '2019-02-14 13:09:45', -0.019, '0'),
('2', '2019-02-14 13:09:45', 0, '0'),
('1', '2019-02-14 13:09:48', -0.02, '0'),
('2', '2019-02-14 13:09:48', 0, '0'),
('1', '2019-02-14 13:09:51', -0.02, '0'),
('2', '2019-02-14 13:09:51', 0, '0'),
('1', '2019-02-14 13:09:54', -0.019, '0'),
('2', '2019-02-14 13:09:54', 0, '0'),
('1', '2019-02-14 13:09:57', -0.021, '0'),
('2', '2019-02-14 13:09:57', 0, '0'),
('1', '2019-02-14 13:10:00', -0.02, '0'),
('2', '2019-02-14 13:10:00', 0, '0'),
('1', '2019-02-14 13:10:03', -0.02, '0'),
('2', '2019-02-14 13:10:03', 0, '0'),
('1', '2019-02-14 13:10:07', -0.019, '0'),
('2', '2019-02-14 13:10:07', 0, '0'),
('1', '2019-02-14 13:10:10', -0.021, '0'),
('2', '2019-02-14 13:10:10', 0, '0'),
('1', '2019-02-14 13:10:13', -0.021, '0'),
('2', '2019-02-14 13:10:13', 0, '0'),
('1', '2019-02-14 13:10:16', -0.02, '0'),
('2', '2019-02-14 13:10:16', 0, '0'),
('1', '2019-02-14 13:10:19', -0.02, '0'),
('2', '2019-02-14 13:10:19', 0, '0'),
('1', '2019-02-14 13:10:22', -0.02, '0'),
('2', '2019-02-14 13:10:22', 0, '0'),
('1', '2019-02-14 13:10:25', -0.02, '0'),
('2', '2019-02-14 13:10:25', 0, '0'),
('1', '2019-02-14 13:10:27', -0.02, '0'),
('2', '2019-02-14 13:10:27', 0, '0'),
('1', '2019-02-14 13:10:30', -0.023, '0'),
('2', '2019-02-14 13:10:30', 0, '0'),
('1', '2019-02-14 13:10:33', -0.023, '0'),
('2', '2019-02-14 13:10:33', 0, '0'),
('1', '2019-02-14 13:10:36', -0.02, '0'),
('2', '2019-02-14 13:10:36', 0, '0'),
('1', '2019-02-14 13:10:39', -0.02, '0'),
('2', '2019-02-14 13:10:39', 0, '0'),
('1', '2019-02-14 13:10:42', -0.023, '0'),
('2', '2019-02-14 13:10:42', 0, '0'),
('1', '2019-02-14 13:10:45', -0.019, '0'),
('2', '2019-02-14 13:10:45', 0, '0'),
('1', '2019-02-14 13:10:48', -0.02, '0'),
('2', '2019-02-14 13:10:48', 0, '0'),
('1', '2019-02-14 13:10:51', -0.021, '0'),
('2', '2019-02-14 13:10:51', 0, '0'),
('1', '2019-02-14 13:10:54', -0.021, '0'),
('2', '2019-02-14 13:10:54', 0, '0'),
('1', '2019-02-14 13:11:00', -0.023, '0'),
('2', '2019-02-14 13:11:00', 0, '0'),
('1', '2019-02-14 13:11:03', -0.02, '0'),
('2', '2019-02-14 13:11:03', 0, '0'),
('1', '2019-02-14 13:11:06', -0.021, '0'),
('2', '2019-02-14 13:11:06', 0, '0'),
('1', '2019-02-14 13:11:09', -0.021, '0'),
('2', '2019-02-14 13:11:09', 0, '0'),
('1', '2019-02-14 13:11:12', -0.021, '0'),
('2', '2019-02-14 13:11:12', 0, '0'),
('1', '2019-02-14 13:11:15', -0.02, '0'),
('2', '2019-02-14 13:11:15', 0, '0'),
('1', '2019-02-14 13:11:18', -0.022, '0'),
('2', '2019-02-14 13:11:18', 0, '0'),
('1', '2019-02-14 13:11:20', -0.02, '0'),
('2', '2019-02-14 13:11:20', 0, '0'),
('1', '2019-02-14 13:11:23', -0.02, '0'),
('2', '2019-02-14 13:11:23', 0, '0'),
('1', '2019-02-14 13:11:26', -0.02, '0'),
('2', '2019-02-14 13:11:26', 0, '0'),
('1', '2019-02-14 13:11:29', -0.022, '0'),
('2', '2019-02-14 13:11:29', 0, '0'),
('1', '2019-02-14 13:11:32', -0.021, '0'),
('2', '2019-02-14 13:11:32', 0, '0'),
('1', '2019-02-14 13:11:36', -0.02, '0'),
('2', '2019-02-14 13:11:36', 0, '0'),
('1', '2019-02-14 13:11:39', -0.02, '0'),
('2', '2019-02-14 13:11:39', 0, '0'),
('1', '2019-02-14 13:11:42', -0.02, '0'),
('2', '2019-02-14 13:11:42', 0, '0'),
('1', '2019-02-14 13:11:46', -0.02, '0'),
('2', '2019-02-14 13:11:46', 0, '0'),
('1', '2019-02-14 13:11:49', -0.021, '0'),
('2', '2019-02-14 13:11:49', 0, '0'),
('1', '2019-02-14 13:11:51', -0.02, '0'),
('2', '2019-02-14 13:11:51', 0, '0'),
('1', '2019-02-14 13:11:54', -0.022, '0'),
('2', '2019-02-14 13:11:54', 0, '0'),
('1', '2019-02-14 13:11:57', -0.021, '0'),
('2', '2019-02-14 13:11:57', 0, '0'),
('1', '2019-02-14 13:12:00', -0.019, '0'),
('2', '2019-02-14 13:12:00', 0, '0'),
('1', '2019-02-14 13:12:03', -0.02, '0'),
('2', '2019-02-14 13:12:03', 0, '0'),
('1', '2019-02-14 13:12:06', -0.021, '0'),
('2', '2019-02-14 13:12:06', 0, '0'),
('1', '2019-02-14 13:12:12', -0.021, '0'),
('2', '2019-02-14 13:12:12', 0, '0'),
('1', '2019-02-14 13:12:15', -0.021, '0'),
('2', '2019-02-14 13:12:15', 0, '0'),
('1', '2019-02-14 13:12:18', -0.022, '0'),
('2', '2019-02-14 13:12:18', 0, '0'),
('1', '2019-02-14 13:12:21', -0.021, '0'),
('2', '2019-02-14 13:12:21', 0, '0'),
('1', '2019-02-14 13:12:24', -0.021, '0'),
('2', '2019-02-14 13:12:24', 0, '0'),
('1', '2019-02-14 13:12:27', -0.022, '0'),
('2', '2019-02-14 13:12:27', 0, '0'),
('1', '2019-02-14 13:12:32', -0.021, '0'),
('2', '2019-02-14 13:12:32', 0, '0'),
('1', '2019-02-14 13:12:35', -0.023, '0'),
('2', '2019-02-14 13:12:35', 0, '0'),
('1', '2019-02-14 13:12:41', -0.02, '0'),
('2', '2019-02-14 13:12:41', 0, '0'),
('1', '2019-02-14 13:12:45', -0.021, '0'),
('2', '2019-02-14 13:12:45', 0, '0'),
('1', '2019-02-14 13:12:50', -0.021, '0'),
('2', '2019-02-14 13:12:50', 0, '0'),
('1', '2019-02-14 13:12:53', -0.02, '0'),
('2', '2019-02-14 13:12:53', 0, '0'),
('1', '2019-02-14 13:12:55', -0.021, '0'),
('2', '2019-02-14 13:12:55', 0, '0'),
('1', '2019-02-14 13:12:58', -0.021, '0'),
('2', '2019-02-14 13:12:58', 0, '0'),
('1', '2019-02-14 13:13:01', -0.021, '0'),
('2', '2019-02-14 13:13:01', 0, '0'),
('1', '2019-02-14 13:13:04', -0.021, '0'),
('2', '2019-02-14 13:13:04', 0, '0'),
('1', '2019-02-14 13:13:07', -0.021, '0'),
('2', '2019-02-14 13:13:07', 0, '0'),
('1', '2019-02-14 13:13:10', -0.021, '0'),
('2', '2019-02-14 13:13:10', 0, '0'),
('1', '2019-02-14 13:13:13', -0.022, '0'),
('2', '2019-02-14 13:13:13', 0, '0'),
('1', '2019-02-14 13:13:16', -0.021, '0'),
('2', '2019-02-14 13:13:16', 0, '0'),
('1', '2019-02-14 13:13:19', -0.02, '0'),
('2', '2019-02-14 13:13:19', 0, '0'),
('1', '2019-02-14 13:13:22', -0.02, '0'),
('2', '2019-02-14 13:13:22', 0, '0'),
('1', '2019-02-14 13:13:24', -0.02, '0'),
('2', '2019-02-14 13:13:24', 0, '0'),
('1', '2019-02-14 13:13:27', -0.02, '0'),
('2', '2019-02-14 13:13:27', 0, '0'),
('1', '2019-02-14 13:13:30', -0.02, '0'),
('2', '2019-02-14 13:13:30', 0, '0'),
('1', '2019-02-14 13:13:33', -0.021, '0'),
('2', '2019-02-14 13:13:33', 0, '0'),
('1', '2019-02-14 13:13:36', -0.02, '0'),
('2', '2019-02-14 13:13:36', 0, '0'),
('1', '2019-02-14 13:13:40', -0.022, '0'),
('2', '2019-02-14 13:13:40', 0, '0'),
('1', '2019-02-14 13:13:43', -0.022, '0'),
('2', '2019-02-14 13:13:43', 0, '0'),
('1', '2019-02-14 13:13:46', -0.02, '0'),
('2', '2019-02-14 13:13:46', 0, '0'),
('1', '2019-02-14 13:13:49', -0.02, '0'),
('2', '2019-02-14 13:13:49', 0, '0'),
('1', '2019-02-14 13:13:52', -0.019, '0'),
('2', '2019-02-14 13:13:52', 0, '0'),
('1', '2019-02-14 13:13:55', -0.02, '0'),
('2', '2019-02-14 13:13:55', 0, '0'),
('1', '2019-02-14 13:13:57', -0.02, '0'),
('2', '2019-02-14 13:13:57', 0, '0'),
('1', '2019-02-14 13:14:00', -0.02, '0'),
('2', '2019-02-14 13:14:00', 0, '0'),
('1', '2019-02-14 13:14:03', -0.02, '0'),
('2', '2019-02-14 13:14:03', 0, '0'),
('1', '2019-02-14 13:14:06', -0.022, '0'),
('2', '2019-02-14 13:14:06', 0, '0'),
('1', '2019-02-14 13:14:09', -0.02, '0'),
('2', '2019-02-14 13:14:09', 0, '0'),
('1', '2019-02-14 13:14:12', -0.021, '0'),
('2', '2019-02-14 13:14:12', 0, '0'),
('1', '2019-02-14 13:14:15', -0.021, '0'),
('2', '2019-02-14 13:14:15', 0, '0'),
('1', '2019-02-14 13:14:18', -0.021, '0'),
('2', '2019-02-14 13:14:18', 0, '0'),
('1', '2019-02-14 13:14:21', -0.02, '0'),
('2', '2019-02-14 13:14:21', 0, '0'),
('1', '2019-02-14 13:14:24', -0.02, '0'),
('2', '2019-02-14 13:14:24', 0, '0'),
('1', '2019-02-14 13:14:28', -0.021, '0'),
('2', '2019-02-14 13:14:28', 0, '0'),
('1', '2019-02-14 13:14:31', -0.021, '0'),
('2', '2019-02-14 13:14:31', 0, '0'),
('1', '2019-02-14 13:14:34', -0.02, '0'),
('2', '2019-02-14 13:14:34', 0, '0'),
('1', '2019-02-14 13:14:37', -0.021, '0'),
('2', '2019-02-14 13:14:37', 0, '0'),
('1', '2019-02-14 13:14:40', -0.021, '0'),
('2', '2019-02-14 13:14:40', 0, '0'),
('1', '2019-02-14 13:14:43', -0.022, '0'),
('2', '2019-02-14 13:14:43', 0, '0'),
('1', '2019-02-14 13:14:48', -0.02, '0'),
('2', '2019-02-14 13:14:48', 0, '0'),
('1', '2019-02-14 13:14:51', -0.02, '0'),
('2', '2019-02-14 13:14:51', 0, '0'),
('1', '2019-02-14 13:14:54', -0.021, '0'),
('2', '2019-02-14 13:14:54', 0, '0'),
('1', '2019-02-14 13:14:57', -0.021, '0'),
('2', '2019-02-14 13:14:57', 0, '0'),
('1', '2019-02-14 13:15:03', -0.021, '0'),
('2', '2019-02-14 13:15:03', 0, '0'),
('1', '2019-02-14 13:15:05', -0.021, '0'),
('2', '2019-02-14 13:15:05', 0, '0'),
('1', '2019-02-14 13:15:08', -0.022, '0'),
('2', '2019-02-14 13:15:08', 0, '0'),
('1', '2019-02-14 13:15:11', -0.022, '0'),
('2', '2019-02-14 13:15:11', 0, '0'),
('1', '2019-02-14 13:15:14', -0.022, '0'),
('2', '2019-02-14 13:15:14', 0, '0'),
('1', '2019-02-14 13:15:17', -0.021, '0'),
('2', '2019-02-14 13:15:17', 0, '0'),
('1', '2019-02-14 13:15:20', -0.021, '0'),
('2', '2019-02-14 13:15:20', 0, '0'),
('1', '2019-02-14 13:15:23', -0.021, '0'),
('2', '2019-02-14 13:15:23', 0, '0'),
('1', '2019-02-14 13:15:26', -0.021, '0'),
('2', '2019-02-14 13:15:26', 0, '0'),
('1', '2019-02-14 13:15:32', -0.021, '0'),
('2', '2019-02-14 13:15:32', 0, '0'),
('1', '2019-02-14 13:15:35', -0.021, '0'),
('2', '2019-02-14 13:15:35', 0, '0'),
('1', '2019-02-14 13:15:37', -0.02, '0'),
('2', '2019-02-14 13:15:37', 0, '0'),
('1', '2019-02-14 13:15:40', -0.021, '0'),
('2', '2019-02-14 13:15:40', 0, '0'),
('1', '2019-02-14 13:15:43', -0.021, '0'),
('2', '2019-02-14 13:15:43', 0, '0'),
('1', '2019-02-14 13:15:49', -0.021, '0'),
('2', '2019-02-14 13:15:49', 0, '0'),
('1', '2019-02-14 13:15:52', -0.02, '0'),
('2', '2019-02-14 13:15:52', 0, '0'),
('1', '2019-02-14 13:15:55', -0.021, '0'),
('2', '2019-02-14 13:15:55', 0, '0'),
('1', '2019-02-14 13:15:58', -0.021, '0'),
('2', '2019-02-14 13:15:58', 0, '0'),
('1', '2019-02-14 13:16:01', -0.021, '0'),
('2', '2019-02-14 13:16:01', 0, '0'),
('1', '2019-02-14 13:16:04', -0.022, '0'),
('2', '2019-02-14 13:16:04', 0, '0'),
('1', '2019-02-14 13:16:10', -0.022, '0'),
('2', '2019-02-14 13:16:10', 0, '0'),
('1', '2019-02-14 13:16:14', -0.022, '0'),
('2', '2019-02-14 13:16:14', 0, '0'),
('1', '2019-02-14 13:16:16', -0.021, '0'),
('2', '2019-02-14 13:16:16', 0, '0'),
('1', '2019-02-14 13:16:27', -0.022, '0'),
('2', '2019-02-14 13:16:27', 0, '0'),
('1', '2019-02-14 13:16:30', -0.022, '0'),
('2', '2019-02-14 13:16:30', 0, '0'),
('1', '2019-02-14 13:16:33', -0.021, '0'),
('2', '2019-02-14 13:16:33', 0, '0'),
('1', '2019-02-14 13:16:35', -0.022, '0'),
('2', '2019-02-14 13:16:35', 0, '0'),
('1', '2019-02-14 13:16:38', -0.021, '0'),
('2', '2019-02-14 13:16:38', 0, '0'),
('1', '2019-02-14 13:16:42', -0.021, '0'),
('2', '2019-02-14 13:16:42', 0, '0'),
('1', '2019-02-14 13:16:45', -0.021, '0'),
('2', '2019-02-14 13:16:45', 0, '0'),
('1', '2019-02-14 13:16:48', -0.022, '0'),
('2', '2019-02-14 13:16:48', 0, '0'),
('1', '2019-02-14 13:16:50', -0.021, '0'),
('2', '2019-02-14 13:16:50', 0, '0'),
('1', '2019-02-14 13:16:53', -0.021, '0'),
('2', '2019-02-14 13:16:53', 0, '0'),
('1', '2019-02-14 13:16:56', -0.021, '0'),
('2', '2019-02-14 13:16:56', 0, '0'),
('1', '2019-02-14 13:16:59', -0.021, '0'),
('2', '2019-02-14 13:16:59', 0, '0'),
('1', '2019-02-14 13:17:02', -0.021, '0'),
('2', '2019-02-14 13:17:02', 0, '0'),
('1', '2019-02-14 13:17:05', -0.021, '0'),
('2', '2019-02-14 13:17:05', 0, '0'),
('1', '2019-02-14 13:17:09', -0.022, '0'),
('2', '2019-02-14 13:17:09', 0, '0'),
('1', '2019-02-14 13:17:12', -0.022, '0'),
('2', '2019-02-14 13:17:12', 0, '0'),
('1', '2019-02-14 13:17:15', -0.021, '0'),
('2', '2019-02-14 13:17:15', 0, '0'),
('1', '2019-02-14 13:17:18', -0.021, '0'),
('2', '2019-02-14 13:17:18', 0, '0'),
('1', '2019-02-14 13:17:21', -0.022, '0'),
('2', '2019-02-14 13:17:21', 0, '0'),
('1', '2019-02-14 13:17:25', -0.023, '0'),
('2', '2019-02-14 13:17:25', 0, '0'),
('1', '2019-02-14 13:17:27', -0.022, '0'),
('2', '2019-02-14 13:17:27', 0, '0'),
('1', '2019-02-14 13:17:30', -0.021, '0'),
('2', '2019-02-14 13:17:30', 0, '0'),
('1', '2019-02-14 13:17:33', -0.022, '0'),
('2', '2019-02-14 13:17:33', 0, '0'),
('1', '2019-02-14 13:17:36', -0.022, '0'),
('2', '2019-02-14 13:17:36', 0, '0'),
('1', '2019-02-14 13:17:39', -0.022, '0'),
('2', '2019-02-14 13:17:39', 0, '0'),
('1', '2019-02-14 13:17:42', -0.022, '0'),
('2', '2019-02-14 13:17:42', 0, '0'),
('1', '2019-02-14 13:17:46', -0.021, '0'),
('2', '2019-02-14 13:17:46', 0, '0'),
('1', '2019-02-14 13:17:52', -0.021, '0'),
('2', '2019-02-14 13:17:52', 0, '0'),
('1', '2019-02-14 13:17:59', -0.022, '0'),
('2', '2019-02-14 13:17:59', 0, '0'),
('1', '2019-02-14 13:18:02', -0.021, '0'),
('2', '2019-02-14 13:18:02', 0, '0'),
('1', '2019-02-14 13:18:05', -0.022, '0'),
('2', '2019-02-14 13:18:05', 0, '0'),
('1', '2019-02-14 13:18:09', -0.022, '0'),
('2', '2019-02-14 13:18:09', 0, '0'),
('1', '2019-02-14 13:18:12', -0.021, '0'),
('2', '2019-02-14 13:18:12', 0, '0'),
('1', '2019-02-14 13:18:15', -0.022, '0'),
('2', '2019-02-14 13:18:15', 0, '0'),
('1', '2019-02-14 13:18:19', -0.021, '0'),
('2', '2019-02-14 13:18:19', 0, '0'),
('1', '2019-02-14 13:18:22', -0.021, '0'),
('2', '2019-02-14 13:18:22', 0, '0'),
('1', '2019-02-14 13:18:32', -0.023, '0'),
('2', '2019-02-14 13:18:32', 0, '0'),
('1', '2019-02-14 13:18:35', -0.021, '0'),
('2', '2019-02-14 13:18:35', 0, '0'),
('1', '2019-02-14 13:18:41', -0.022, '0'),
('2', '2019-02-14 13:18:41', 0, '0'),
('1', '2019-02-14 13:18:44', -0.022, '0'),
('2', '2019-02-14 13:18:44', 0, '0'),
('1', '2019-02-14 13:18:47', -0.022, '0'),
('2', '2019-02-14 13:18:47', 0, '0'),
('1', '2019-02-14 13:18:51', -0.022, '0'),
('2', '2019-02-14 13:18:51', 0, '0'),
('1', '2019-02-14 13:18:54', -0.022, '0'),
('2', '2019-02-14 13:18:54', 0, '0'),
('1', '2019-02-14 13:18:57', -0.022, '0'),
('2', '2019-02-14 13:18:57', 0, '0'),
('1', '2019-02-14 13:19:00', -0.022, '0'),
('2', '2019-02-14 13:19:00', 0, '0'),
('1', '2019-02-14 13:19:03', -0.022, '0'),
('2', '2019-02-14 13:19:03', 0, '0'),
('1', '2019-02-14 13:19:06', -0.023, '0'),
('2', '2019-02-14 13:19:06', 0, '0'),
('1', '2019-02-14 13:19:16', -0.022, '0'),
('2', '2019-02-14 13:19:16', 0, '0'),
('1', '2019-02-14 13:19:19', -0.023, '0'),
('2', '2019-02-14 13:19:19', 0, '0'),
('1', '2019-02-14 13:19:22', -0.023, '0'),
('2', '2019-02-14 13:19:22', 0, '0'),
('1', '2019-02-14 13:19:25', -0.024, '0'),
('2', '2019-02-14 13:19:25', 0, '0'),
('1', '2019-02-14 13:19:28', -0.022, '0'),
('2', '2019-02-14 13:19:28', 0, '0'),
('1', '2019-02-14 13:19:38', -0.023, '0'),
('2', '2019-02-14 13:19:38', 0, '0'),
('1', '2019-02-14 13:19:41', -0.023, '0'),
('2', '2019-02-14 13:19:41', 0, '0'),
('1', '2019-02-14 13:19:45', -0.022, '0'),
('2', '2019-02-14 13:19:45', 0, '0'),
('1', '2019-02-14 13:19:48', -0.023, '0'),
('2', '2019-02-14 13:19:48', 0, '0'),
('1', '2019-02-14 13:19:50', -0.022, '0'),
('2', '2019-02-14 13:19:50', 0, '0'),
('1', '2019-02-14 13:19:54', -0.023, '0'),
('2', '2019-02-14 13:19:54', 0, '0'),
('1', '2019-02-14 13:19:57', -0.023, '0'),
('2', '2019-02-14 13:19:57', 0, '0'),
('1', '2019-02-14 13:20:00', -0.023, '0'),
('2', '2019-02-14 13:20:00', 0, '0'),
('1', '2019-02-14 13:20:03', -0.024, '0'),
('2', '2019-02-14 13:20:03', 0, '0'),
('1', '2019-02-14 13:20:06', -0.023, '0'),
('2', '2019-02-14 13:20:06', 0, '0'),
('1', '2019-02-14 13:20:09', -0.022, '0'),
('2', '2019-02-14 13:20:09', 0, '0'),
('1', '2019-02-14 13:20:12', -0.022, '0'),
('2', '2019-02-14 13:20:12', 0, '0'),
('1', '2019-02-14 13:20:17', -0.024, '0'),
('2', '2019-02-14 13:20:17', 0, '0'),
('1', '2019-02-14 13:20:20', -0.023, '0'),
('2', '2019-02-14 13:20:20', 0, '0'),
('1', '2019-02-14 13:20:23', -0.023, '0'),
('2', '2019-02-14 13:20:23', 0, '0'),
('1', '2019-02-14 13:20:26', -0.022, '0'),
('2', '2019-02-14 13:20:26', 0, '0'),
('1', '2019-02-14 13:20:29', -0.023, '0'),
('2', '2019-02-14 13:20:29', 0, '0'),
('1', '2019-02-14 13:20:32', -0.023, '0'),
('2', '2019-02-14 13:20:32', 0, '0'),
('1', '2019-02-14 13:20:35', -0.023, '0'),
('2', '2019-02-14 13:20:35', 0, '0'),
('1', '2019-02-14 13:20:38', -0.024, '0'),
('2', '2019-02-14 13:20:38', 0, '0'),
('1', '2019-02-14 13:20:41', -0.023, '0'),
('2', '2019-02-14 13:20:41', 0, '0'),
('1', '2019-02-14 13:20:44', -0.022, '0'),
('2', '2019-02-14 13:20:44', 0, '0'),
('1', '2019-02-14 13:20:47', -0.023, '0'),
('2', '2019-02-14 13:20:47', 0, '0'),
('1', '2019-02-14 13:20:50', -0.023, '0'),
('2', '2019-02-14 13:20:50', 0, '0'),
('1', '2019-02-14 13:20:53', -0.022, '0'),
('2', '2019-02-14 13:20:53', 0, '0'),
('1', '2019-02-14 13:20:56', -0.023, '0'),
('2', '2019-02-14 13:20:56', 0, '0'),
('1', '2019-02-14 13:20:59', -0.022, '0'),
('2', '2019-02-14 13:20:59', 0, '0'),
('1', '2019-02-14 13:21:02', -0.023, '0'),
('2', '2019-02-14 13:21:02', 0, '0'),
('1', '2019-02-14 13:21:05', -0.023, '0'),
('2', '2019-02-14 13:21:05', 0, '0'),
('1', '2019-02-14 13:21:08', -0.023, '0'),
('2', '2019-02-14 13:21:08', 0, '0'),
('1', '2019-02-14 13:21:11', -0.023, '0'),
('2', '2019-02-14 13:21:11', 0, '0'),
('1', '2019-02-14 13:21:14', -0.022, '0'),
('2', '2019-02-14 13:21:14', 0, '0'),
('1', '2019-02-14 13:21:17', -0.022, '0'),
('2', '2019-02-14 13:21:17', 0, '0'),
('1', '2019-02-14 13:21:20', -0.023, '0'),
('2', '2019-02-14 13:21:20', 0, '0'),
('1', '2019-02-14 13:21:23', -0.022, '0'),
('2', '2019-02-14 13:21:23', 0, '0'),
('1', '2019-02-20 15:14:26', 0.085, '0'),
('2', '2019-02-20 15:14:26', -0.001, '0'),
('1', '2019-02-20 15:14:32', 0.655, '1'),
('2', '2019-02-20 15:14:32', 0.01, '0'),
('1', '2019-02-20 15:14:57', -0.137, '0'),
('2', '2019-02-20 15:14:57', 0, '0'),
('1', '2019-02-20 15:15:00', 0, '0'),
('2', '2019-02-20 15:15:00', 0.005, '0'),
('1', '2019-02-21 14:28:07', 0, '0'),
('2', '2019-02-21 14:28:07', 0, '0'),
('1', '2019-02-21 14:28:11', 0, '0'),
('2', '2019-02-21 14:28:11', -0.002, '0'),
('1', '2019-02-21 14:28:14', 0, '0'),
('2', '2019-02-21 14:28:14', 0, '0'),
('1', '2019-02-21 14:28:17', 0, '0'),
('2', '2019-02-21 14:28:17', 0, '0'),
('1', '2019-02-21 14:28:23', -0.097, '0'),
('2', '2019-02-21 14:28:23', -0, '0'),
('1', '2019-02-21 14:28:29', -0.095, '0'),
('2', '2019-02-21 14:28:29', -0.001, '0'),
('1', '2019-02-21 14:28:32', -0.093, '0'),
('2', '2019-02-21 14:28:32', 0.001, '0'),
('1', '2019-02-21 14:28:35', -0.093, '0'),
('2', '2019-02-21 14:28:35', 0, '0'),
('1', '2019-02-21 14:28:38', -0.093, '0'),
('2', '2019-02-21 14:28:38', -0.002, '0'),
('1', '2019-02-21 14:28:44', -0.093, '0'),
('2', '2019-02-21 14:28:44', 0.001, '0'),
('1', '2019-02-21 14:28:50', -0.095, '0'),
('2', '2019-02-21 14:28:50', 0.001, '0'),
('1', '2019-02-21 14:28:53', -0.095, '0'),
('2', '2019-02-21 14:28:53', 0.001, '0'),
('1', '2019-02-21 14:28:56', -0.096, '0'),
('2', '2019-02-21 14:28:56', 0.002, '0'),
('1', '2019-02-21 14:29:02', -0.094, '0'),
('2', '2019-02-21 14:29:02', 0, '0'),
('1', '2019-02-21 14:29:09', -0.094, '0'),
('2', '2019-02-21 14:29:09', 0.001, '0'),
('1', '2019-02-21 14:29:13', -0.094, '0'),
('2', '2019-02-21 14:29:13', 0.001, '0'),
('1', '2019-02-21 14:29:16', -0.094, '0'),
('2', '2019-02-21 14:29:16', 0.001, '0'),
('1', '2019-02-21 14:29:22', -0.413, '1'),
('2', '2019-02-21 14:29:22', -0.007, '0'),
('1', '2019-02-21 14:30:26', -0.006, '0'),
('2', '2019-02-21 14:30:26', -9.063, '1'),
('1', '2019-02-21 14:32:39', -0.001, '0'),
('2', '2019-02-21 14:32:39', -0.001, '0'),
('1', '2019-02-21 14:32:46', -0.002, '0'),
('2', '2019-02-21 14:32:46', -0.001, '0'),
('1', '2019-02-21 14:32:50', -0.001, '0'),
('2', '2019-02-21 14:32:50', -0.009, '0'),
('1', '2019-02-21 14:32:52', -0.001, '0'),
('2', '2019-02-21 14:32:52', -0.002, '0'),
('1', '2019-02-21 14:32:58', -0.009, '0'),
('2', '2019-02-21 14:32:58', -0.001, '0'),
('1', '2019-02-21 14:33:01', -0.001, '0'),
('2', '2019-02-21 14:33:01', -0.003, '0'),
('1', '2019-02-21 14:33:08', -0.001, '0'),
('2', '2019-02-21 14:33:08', -0.002, '0');
INSERT INTO `sensor_data` (`id_sensor`, `tgl_input`, `nilai`, `posisi`) VALUES
('1', '2019-02-21 14:33:11', -0.001, '0'),
('2', '2019-02-21 14:33:11', -0.003, '0'),
('1', '2019-02-21 14:33:15', -0.002, '0'),
('2', '2019-02-21 14:33:15', -0.003, '0'),
('1', '2019-02-21 14:33:18', -0.008, '0'),
('2', '2019-02-21 14:33:18', -0.341, '1'),
('1', '2019-02-21 14:33:22', -0.004, '0'),
('2', '2019-02-21 14:33:22', -0.335, '1'),
('1', '2019-02-21 14:33:26', -0.005, '0'),
('2', '2019-02-21 14:33:26', -0.337, '1'),
('1', '2019-02-21 14:33:29', 0.002, '0'),
('2', '2019-02-21 14:33:29', -0.001, '0'),
('1', '2019-02-21 14:33:32', 0.002, '0'),
('2', '2019-02-21 14:33:32', -0.001, '0'),
('1', '2019-02-21 14:33:37', -0.308, '1'),
('2', '2019-02-21 14:33:37', -0.002, '0'),
('1', '2019-02-21 14:33:40', -0.307, '1'),
('2', '2019-02-21 14:33:40', -0.002, '0'),
('1', '2019-02-21 14:33:45', -0.31, '1'),
('2', '2019-02-21 14:33:45', -0.002, '0'),
('1', '2019-02-21 14:33:50', -0.31, '1'),
('2', '2019-02-21 14:33:50', -0.003, '0'),
('1', '2019-02-21 14:33:54', 0.001, '0'),
('2', '2019-02-21 14:33:54', -0.003, '0'),
('1', '2019-02-21 14:34:00', 0.002, '0'),
('2', '2019-02-21 14:34:00', -0.003, '0'),
('1', '2019-02-21 14:34:04', 0, '0'),
('2', '2019-02-21 14:34:04', -0.003, '0'),
('1', '2019-02-21 14:34:07', 0, '0'),
('2', '2019-02-21 14:34:07', -0.003, '0'),
('1', '2019-02-21 14:34:10', 0.001, '0'),
('2', '2019-02-21 14:34:10', -0.002, '0'),
('1', '2019-02-21 14:34:19', 0.001, '0'),
('2', '2019-02-21 14:34:19', -0.002, '0'),
('1', '2019-02-21 14:34:23', -0, '0'),
('2', '2019-02-21 14:34:23', -0.002, '0'),
('1', '2019-02-21 14:34:37', 0, '0'),
('2', '2019-02-21 14:34:37', -0.002, '0'),
('1', '2019-02-21 14:34:40', 0.002, '0'),
('2', '2019-02-21 14:34:40', -0.003, '0'),
('1', '2019-02-21 14:53:28', -0, '0'),
('2', '2019-02-21 14:53:28', 0, '0'),
('1', '2019-02-21 14:53:31', -0.001, '0'),
('2', '2019-02-21 14:53:31', 0, '0'),
('1', '2019-02-21 14:53:34', -0.001, '0'),
('2', '2019-02-21 14:53:34', 0, '0'),
('1', '2019-02-21 14:53:37', -0.001, '0'),
('2', '2019-02-21 14:53:37', 0, '0'),
('1', '2019-02-21 14:53:40', -0, '0'),
('2', '2019-02-21 14:53:40', 0, '0'),
('1', '2019-02-21 14:53:43', 0.076, '0'),
('2', '2019-02-21 14:53:43', 0, '0'),
('1', '2019-02-21 14:53:46', -0.323, '1'),
('2', '2019-02-21 14:53:46', 0, '0'),
('1', '2019-02-21 14:53:50', 0.076, '0'),
('2', '2019-02-21 14:53:50', 0, '0'),
('1', '2019-02-21 14:53:53', 0.076, '0'),
('2', '2019-02-21 14:53:53', 0, '0'),
('1', '2019-02-21 14:53:56', 0.076, '0'),
('2', '2019-02-21 14:53:56', 0, '0'),
('1', '2019-02-21 14:54:01', 0.076, '0'),
('2', '2019-02-21 14:54:01', 0, '0'),
('1', '2019-02-21 14:54:04', 0.076, '0'),
('2', '2019-02-21 14:54:04', 0, '0'),
('1', '2019-02-21 14:54:08', 0.076, '0'),
('2', '2019-02-21 14:54:08', 0, '0'),
('1', '2019-02-21 14:54:11', 0.076, '0'),
('2', '2019-02-21 14:54:11', 0, '0'),
('1', '2019-02-21 14:54:14', 0.076, '0'),
('2', '2019-02-21 14:54:14', 0, '0'),
('1', '2019-02-21 14:54:18', 0.076, '0'),
('2', '2019-02-21 14:54:18', 0, '0'),
('1', '2019-02-21 14:54:21', 0.076, '0'),
('2', '2019-02-21 14:54:21', 0, '0'),
('1', '2019-02-21 14:54:24', 0.076, '0'),
('2', '2019-02-21 14:54:24', 0, '0'),
('1', '2019-02-21 14:54:27', 0.076, '0'),
('2', '2019-02-21 14:54:27', 0, '0'),
('1', '2019-02-21 14:54:30', 0.076, '0'),
('2', '2019-02-21 14:54:30', 0, '0'),
('1', '2019-02-21 14:54:33', 0.076, '0'),
('2', '2019-02-21 14:54:33', 0, '0'),
('1', '2019-02-21 14:54:35', 0.076, '0'),
('2', '2019-02-21 14:54:35', 0, '0'),
('1', '2019-02-21 14:54:40', 0.076, '0'),
('2', '2019-02-21 14:54:40', 0, '0'),
('1', '2019-02-21 14:54:43', 0.076, '0'),
('2', '2019-02-21 14:54:43', 0, '0'),
('1', '2019-02-21 14:54:45', 0.076, '0'),
('2', '2019-02-21 14:54:45', 0, '0'),
('1', '2019-02-21 14:54:49', 0.076, '0'),
('2', '2019-02-21 14:54:49', 0, '0'),
('1', '2019-02-21 14:54:53', 0.076, '0'),
('2', '2019-02-21 14:54:53', 0, '0'),
('1', '2019-02-21 14:54:56', 0.076, '0'),
('2', '2019-02-21 14:54:56', 0, '0'),
('1', '2019-02-21 14:55:00', 0.076, '0'),
('2', '2019-02-21 14:55:00', 0, '0'),
('1', '2019-02-21 14:55:03', 0.076, '0'),
('2', '2019-02-21 14:55:03', 0, '0'),
('1', '2019-02-21 14:55:06', 0.076, '0'),
('2', '2019-02-21 14:55:06', 0, '0'),
('1', '2019-02-21 14:55:10', 0.076, '0'),
('2', '2019-02-21 14:55:10', 0, '0'),
('1', '2019-02-21 14:55:19', 0.076, '0'),
('2', '2019-02-21 14:55:19', 0, '0'),
('1', '2019-02-21 14:55:27', 0.076, '0'),
('2', '2019-02-21 14:55:27', 0, '0'),
('1', '2019-02-21 14:55:30', 0.076, '0'),
('2', '2019-02-21 14:55:30', 0, '0'),
('1', '2019-02-21 14:55:34', 0.076, '0'),
('2', '2019-02-21 14:55:34', 0, '0'),
('1', '2019-02-21 14:55:39', 0.076, '0'),
('2', '2019-02-21 14:55:39', 0, '0'),
('1', '2019-02-21 14:55:42', 0.076, '0'),
('2', '2019-02-21 14:55:42', 0, '0'),
('1', '2019-02-21 14:55:46', 0.076, '0'),
('2', '2019-02-21 14:55:46', 0, '0'),
('1', '2019-02-21 14:55:49', 0.076, '0'),
('2', '2019-02-21 14:55:49', 0, '0'),
('1', '2019-02-21 14:55:54', 0.076, '0'),
('2', '2019-02-21 14:55:54', 0, '0'),
('1', '2019-02-21 14:55:57', 0.076, '0'),
('2', '2019-02-21 14:55:57', 0, '0'),
('1', '2019-02-21 14:56:00', 0.076, '0'),
('2', '2019-02-21 14:56:00', 0, '0'),
('1', '2019-02-21 14:56:03', 0.076, '0'),
('2', '2019-02-21 14:56:03', 0, '0'),
('1', '2019-02-21 14:57:08', 0, '0'),
('2', '2019-02-21 14:57:08', 0.004, '0'),
('1', '2019-02-21 14:57:11', 0, '0'),
('2', '2019-02-21 14:57:11', 0.002, '0'),
('1', '2019-02-21 14:57:15', 0, '0'),
('2', '2019-02-21 14:57:15', 0.007, '0'),
('1', '2019-02-21 14:57:55', 0, '0'),
('2', '2019-02-21 14:57:55', 0.001, '0'),
('1', '2019-02-21 14:57:58', 0, '0'),
('2', '2019-02-21 14:57:58', 0.001, '0'),
('1', '2019-02-21 14:58:01', 0, '0'),
('2', '2019-02-21 14:58:01', -0.001, '0'),
('1', '2019-02-21 14:58:05', 0, '0'),
('2', '2019-02-21 14:58:05', -0.309, '1'),
('1', '2019-02-21 14:58:08', -0.06, '0'),
('2', '2019-02-21 14:58:08', -0.342, '1'),
('1', '2019-02-21 14:58:11', 0, '0'),
('2', '2019-02-21 14:58:11', -0.325, '1'),
('1', '2019-02-21 14:58:15', 0, '0'),
('2', '2019-02-21 14:58:15', -0.008, '0'),
('1', '2019-02-21 14:58:18', -0.078, '0'),
('2', '2019-02-21 14:58:18', -0.008, '0'),
('1', '2019-02-21 14:58:22', -0.041, '0'),
('2', '2019-02-21 14:58:22', -0.008, '0'),
('1', '2019-02-21 14:58:29', -0.041, '0'),
('2', '2019-02-21 14:58:29', -0.007, '0'),
('1', '2019-02-21 14:58:32', -0.35, '1'),
('2', '2019-02-21 14:58:32', -0.005, '0'),
('1', '2019-02-21 14:58:35', -0.041, '0'),
('2', '2019-02-21 14:58:35', -0.003, '0'),
('1', '2019-02-21 14:58:39', -0.038, '0'),
('2', '2019-02-21 14:58:39', -0.308, '1'),
('1', '2019-02-21 14:58:42', -0.04, '0'),
('2', '2019-02-21 14:58:42', -0.302, '1'),
('1', '2019-02-21 14:58:45', -0.04, '0'),
('2', '2019-02-21 14:58:45', -0.301, '1'),
('1', '2019-02-21 14:58:48', -0.039, '0'),
('2', '2019-02-21 14:58:48', -0.002, '0'),
('1', '2019-02-21 14:58:51', -0.039, '0'),
('2', '2019-02-21 14:58:51', -0, '0'),
('1', '2019-02-21 14:58:54', -0.037, '0'),
('2', '2019-02-21 14:58:54', -0.282, '1'),
('1', '2019-02-21 14:58:57', -0.039, '0'),
('2', '2019-02-21 14:58:57', -0.28, '1'),
('1', '2019-02-21 14:59:00', -0.038, '0'),
('2', '2019-02-21 14:59:00', -0.276, '1'),
('1', '2019-02-21 14:59:03', -0.038, '0'),
('2', '2019-02-21 14:59:03', -0.274, '1'),
('1', '2019-02-21 14:59:06', -0.037, '0'),
('2', '2019-02-21 14:59:06', -0.273, '1'),
('1', '2019-02-21 14:59:09', -0.069, '0'),
('2', '2019-02-21 14:59:09', -0.272, '1'),
('1', '2019-02-21 14:59:12', -0.041, '0'),
('2', '2019-02-21 14:59:12', -0.272, '1'),
('1', '2019-02-21 14:59:15', -0.039, '0'),
('2', '2019-02-21 14:59:15', -0.272, '1'),
('1', '2019-02-21 14:59:18', -0.037, '0'),
('2', '2019-02-21 14:59:18', -0.272, '1'),
('1', '2019-02-21 14:59:20', -0.035, '0'),
('2', '2019-02-21 14:59:20', -0.273, '1'),
('1', '2019-02-21 14:59:23', -0.036, '0'),
('2', '2019-02-21 14:59:23', -0.27, '1'),
('1', '2019-02-21 14:59:26', -0.037, '0'),
('2', '2019-02-21 14:59:26', -0.264, '1'),
('1', '2019-02-21 14:59:29', -0.253, '1'),
('2', '2019-02-21 14:59:29', -0.298, '1'),
('1', '2019-02-21 14:59:32', -0.253, '1'),
('2', '2019-02-21 14:59:32', -0.297, '1'),
('1', '2019-02-21 14:59:37', -0.252, '1'),
('2', '2019-02-21 14:59:37', -0.297, '1'),
('1', '2019-02-21 14:59:40', -0.036, '0'),
('2', '2019-02-21 14:59:40', -0.293, '1'),
('1', '2019-02-21 14:59:44', -0.033, '0'),
('2', '2019-02-21 14:59:44', -0.293, '1'),
('1', '2019-02-21 14:59:47', -0.033, '0'),
('2', '2019-02-21 14:59:47', 0.007, '0'),
('1', '2019-02-21 14:59:50', -0.033, '0'),
('2', '2019-02-21 14:59:50', 0.008, '0'),
('1', '2019-02-21 14:59:53', -0.036, '0'),
('2', '2019-02-21 14:59:53', 0.008, '0'),
('1', '2019-02-21 14:59:56', -0.033, '0'),
('2', '2019-02-21 14:59:56', 0.008, '0'),
('1', '2019-02-21 14:59:59', -0.032, '0'),
('2', '2019-02-21 14:59:59', 0.008, '0'),
('1', '2019-02-21 15:00:03', -0.031, '0'),
('2', '2019-02-21 15:00:03', 0.008, '0'),
('1', '2019-02-21 15:00:07', -0.03, '0'),
('2', '2019-02-21 15:00:07', 0.007, '0'),
('1', '2019-02-21 15:00:11', -0.032, '0'),
('2', '2019-02-21 15:00:11', 0.009, '0'),
('1', '2019-02-21 15:00:17', -0.03, '0'),
('2', '2019-02-21 15:00:17', 0.008, '0'),
('1', '2019-02-21 15:00:21', -0.028, '0'),
('2', '2019-02-21 15:00:21', 0.008, '0'),
('1', '2019-02-21 15:00:24', -0.029, '0'),
('2', '2019-02-21 15:00:24', 0.009, '0'),
('1', '2019-02-21 15:00:28', -0.029, '0'),
('2', '2019-02-21 15:00:28', 0.008, '0'),
('1', '2019-02-21 15:00:33', -0.03, '0'),
('2', '2019-02-21 15:00:33', 0.009, '0'),
('1', '2019-02-21 15:00:36', -0.03, '0'),
('2', '2019-02-21 15:00:36', 0.009, '0'),
('1', '2019-02-21 15:00:39', -0.03, '0'),
('2', '2019-02-21 15:00:39', 0.009, '0'),
('1', '2019-02-21 15:00:42', -0.03, '0'),
('2', '2019-02-21 15:00:42', 0.01, '0'),
('1', '2019-02-21 15:00:44', -0.03, '0'),
('2', '2019-02-21 15:00:44', 0.009, '0'),
('1', '2019-02-21 15:00:48', -0.03, '0'),
('2', '2019-02-21 15:00:48', 0.01, '0'),
('1', '2019-02-21 15:00:51', -0.03, '0'),
('2', '2019-02-21 15:00:51', 0.01, '0'),
('1', '2019-02-21 15:00:54', -0.031, '0'),
('2', '2019-02-21 15:00:54', 0.009, '0'),
('1', '2019-02-21 15:00:56', -0.03, '0'),
('2', '2019-02-21 15:00:56', 0.01, '0'),
('1', '2019-02-21 15:01:00', -0.029, '0'),
('2', '2019-02-21 15:01:00', 0.01, '0'),
('1', '2019-02-21 15:01:04', -0.03, '0'),
('2', '2019-02-21 15:01:04', 0.01, '0'),
('1', '2019-02-21 15:01:07', -0.032, '0'),
('2', '2019-02-21 15:01:07', 0.01, '0'),
('1', '2019-02-21 15:01:13', -0.031, '0'),
('2', '2019-02-21 15:01:13', 0.009, '0'),
('1', '2019-02-21 15:01:16', -0.029, '0'),
('2', '2019-02-21 15:01:16', 0.009, '0'),
('1', '2019-02-21 15:01:20', -0.031, '0'),
('2', '2019-02-21 15:01:20', 0.011, '0'),
('1', '2019-02-21 15:01:24', -0.031, '0'),
('2', '2019-02-21 15:01:24', 0.01, '0'),
('1', '2019-02-21 15:01:30', -0.032, '0'),
('2', '2019-02-21 15:01:30', 0.01, '0'),
('1', '2019-02-21 15:01:37', -0.032, '0'),
('2', '2019-02-21 15:01:37', 0.011, '0'),
('1', '2019-02-21 15:01:41', -0.031, '0'),
('2', '2019-02-21 15:01:41', 0.01, '0'),
('1', '2019-02-21 15:01:44', -0.03, '0'),
('2', '2019-02-21 15:01:44', 0.01, '0'),
('1', '2019-02-21 15:01:48', -0.03, '0'),
('2', '2019-02-21 15:01:48', 0.011, '0'),
('1', '2019-02-21 15:01:52', -0.031, '0'),
('2', '2019-02-21 15:01:52', 0.011, '0'),
('1', '2019-02-21 15:01:54', -0.031, '0'),
('2', '2019-02-21 15:01:54', 0.01, '0'),
('1', '2019-02-21 15:01:57', -0.031, '0'),
('2', '2019-02-21 15:01:57', 0.012, '0'),
('1', '2019-02-21 15:02:01', -0.032, '0'),
('2', '2019-02-21 15:02:01', 0.01, '0'),
('1', '2019-02-21 15:02:06', -0.03, '0'),
('2', '2019-02-21 15:02:06', 0.009, '0'),
('1', '2019-02-21 15:02:09', -0.031, '0'),
('2', '2019-02-21 15:02:09', 0.01, '0'),
('1', '2019-02-21 15:02:12', -0.03, '0'),
('2', '2019-02-21 15:02:12', 0.01, '0'),
('1', '2019-02-21 15:02:15', -0.029, '0'),
('2', '2019-02-21 15:02:15', 0.01, '0'),
('1', '2019-02-21 15:02:18', -0.03, '0'),
('2', '2019-02-21 15:02:18', 0.01, '0'),
('1', '2019-02-22 16:43:40', 0.001, '0'),
('2', '2019-02-22 16:43:40', 0.001, '0'),
('1', '2019-02-22 16:43:43', -0.009, '0'),
('2', '2019-02-22 16:43:43', -0.022, '0'),
('1', '2019-02-22 16:43:46', 0, '0'),
('2', '2019-02-22 16:43:46', -0.031, '0'),
('1', '2019-02-22 16:43:49', -0.005, '0'),
('2', '2019-02-22 16:43:49', -0.121, '0'),
('1', '2019-02-22 16:43:52', -0, '0'),
('2', '2019-02-22 16:43:52', -0.031, '0'),
('1', '2019-02-22 16:43:55', -0, '0'),
('2', '2019-02-22 16:43:55', -0.033, '0'),
('1', '2019-02-22 16:43:57', 0.001, '0'),
('2', '2019-02-22 16:43:57', -0.034, '0'),
('1', '2019-02-22 16:44:00', -0.005, '0'),
('2', '2019-02-22 16:44:00', -0.207, '1'),
('1', '2019-02-22 16:44:03', 0.02, '0'),
('2', '2019-02-22 16:44:03', -0.134, '0'),
('1', '2019-02-22 16:44:07', 0.893, '1'),
('2', '2019-02-22 16:44:07', -0.026, '0'),
('1', '2019-02-22 16:44:11', -0.19, '1'),
('2', '2019-02-22 16:44:11', -0.042, '0'),
('1', '2019-02-22 16:44:15', 0.033, '0'),
('2', '2019-02-22 16:44:15', -0.041, '0'),
('1', '2019-02-22 16:44:18', 0.893, '1'),
('2', '2019-02-22 16:44:18', 0.002, '0'),
('1', '2019-02-22 16:44:23', 0.893, '1'),
('2', '2019-02-22 16:44:23', 0.011, '0'),
('1', '2019-02-22 16:44:26', 0.893, '1'),
('2', '2019-02-22 16:44:26', 0.03, '0'),
('1', '2019-02-22 16:44:29', 0.893, '1'),
('2', '2019-02-22 16:44:29', 0.03, '0'),
('1', '2019-02-22 16:44:32', 0.893, '1'),
('2', '2019-02-22 16:44:32', -0.003, '0'),
('1', '2019-02-22 16:44:35', 0.893, '1'),
('2', '2019-02-22 16:44:35', 0.03, '0'),
('1', '2019-02-22 16:44:38', 0.893, '1'),
('2', '2019-02-22 16:44:38', 0.03, '0'),
('1', '2019-02-22 16:44:41', 0.019, '0'),
('2', '2019-02-22 16:44:41', 0.03, '0'),
('1', '2019-02-22 16:44:44', 0.018, '0'),
('2', '2019-02-22 16:44:44', 0.03, '0'),
('1', '2019-02-22 16:44:47', 0.02, '0'),
('2', '2019-02-22 16:44:47', 0.03, '0'),
('1', '2019-02-22 16:44:50', 0.024, '0'),
('2', '2019-02-22 16:44:50', 0.03, '0'),
('1', '2019-02-22 16:44:53', 0.021, '0'),
('2', '2019-02-22 16:44:53', 0.002, '0'),
('1', '2019-02-22 16:44:56', 0.022, '0'),
('2', '2019-02-22 16:44:56', 0.002, '0'),
('1', '2019-02-22 16:44:59', 0.022, '0'),
('2', '2019-02-22 16:44:59', 0.003, '0'),
('1', '2019-02-22 16:45:02', 0.023, '0'),
('2', '2019-02-22 16:45:02', 0.003, '0'),
('1', '2019-02-22 16:45:04', 0.022, '0'),
('2', '2019-02-22 16:45:04', 0.003, '0'),
('1', '2019-02-22 16:45:07', 0.024, '0'),
('2', '2019-02-22 16:45:07', 0.005, '0'),
('1', '2019-02-22 16:45:10', 0.025, '0'),
('2', '2019-02-22 16:45:10', 0.004, '0'),
('1', '2019-02-22 16:45:13', 0.027, '0'),
('2', '2019-02-22 16:45:13', 0.002, '0'),
('1', '2019-02-22 16:45:17', 0.024, '0'),
('2', '2019-02-22 16:45:17', 0.005, '0'),
('1', '2019-02-22 16:45:21', 0.025, '0'),
('2', '2019-02-22 16:45:21', 0.006, '0'),
('1', '2019-02-22 16:45:24', 0.026, '0'),
('2', '2019-02-22 16:45:24', 0.006, '0'),
('1', '2019-02-22 16:45:27', 0.027, '0'),
('2', '2019-02-22 16:45:27', 0.007, '0'),
('1', '2019-02-22 16:45:30', 0.026, '0'),
('2', '2019-02-22 16:45:30', 0.007, '0'),
('1', '2019-02-22 16:45:34', 0.026, '0'),
('2', '2019-02-22 16:45:34', 0.008, '0'),
('1', '2019-02-22 16:45:37', 0.027, '0'),
('2', '2019-02-22 16:45:37', 0.008, '0'),
('1', '2019-02-22 16:45:40', 0.028, '0'),
('2', '2019-02-22 16:45:40', 0.007, '0'),
('1', '2019-02-22 16:45:43', 0.027, '0'),
('2', '2019-02-22 16:45:43', 0.008, '0'),
('1', '2019-02-22 16:45:49', 0.027, '0'),
('2', '2019-02-22 16:45:49', 0.009, '0'),
('1', '2019-02-22 16:45:58', 0.028, '0'),
('2', '2019-02-22 16:45:58', 0.008, '0'),
('1', '2019-02-22 16:46:01', 0.03, '0'),
('2', '2019-02-22 16:46:01', 0.009, '0'),
('1', '2019-02-22 16:46:05', 0.031, '0'),
('2', '2019-02-22 16:46:05', 0.012, '0'),
('1', '2019-02-22 16:46:08', 0.032, '0'),
('2', '2019-02-22 16:46:08', 0.011, '0'),
('1', '2019-02-22 16:46:11', 0.032, '0'),
('2', '2019-02-22 16:46:11', 0.012, '0'),
('1', '2019-02-22 16:46:14', 0.033, '0'),
('2', '2019-02-22 16:46:14', 0.012, '0'),
('1', '2019-02-22 16:46:17', 0.032, '0'),
('2', '2019-02-22 16:46:17', 0.011, '0'),
('1', '2019-02-22 16:46:21', 0.029, '0'),
('2', '2019-02-22 16:46:21', 0.011, '0'),
('1', '2019-02-22 16:46:25', 0.03, '0'),
('2', '2019-02-22 16:46:25', 0.016, '0'),
('1', '2019-02-22 16:46:28', 0.03, '0'),
('2', '2019-02-22 16:46:28', 0.015, '0'),
('1', '2019-02-22 16:46:31', 0.033, '0'),
('2', '2019-02-22 16:46:31', 0.015, '0'),
('1', '2019-02-22 16:46:34', 0.037, '0'),
('2', '2019-02-22 16:46:34', 0.016, '0'),
('1', '2019-02-22 16:47:22', 0, '0'),
('2', '2019-02-22 16:47:22', 0.001, '0'),
('1', '2019-02-22 16:47:25', 0, '0'),
('2', '2019-02-22 16:47:25', 0.001, '0'),
('1', '2019-02-22 16:47:28', 0, '0'),
('2', '2019-02-22 16:47:28', 0.001, '0'),
('1', '2019-02-22 16:47:31', 0, '0'),
('2', '2019-02-22 16:47:31', 0.085, '0'),
('1', '2019-02-22 16:47:34', 0, '0'),
('2', '2019-02-22 16:47:34', -0.003, '0'),
('1', '2019-02-22 16:47:40', 0, '0'),
('2', '2019-02-22 16:47:40', 0, '0'),
('1', '2019-02-22 16:47:44', 0, '0'),
('2', '2019-02-22 16:47:44', 0.009, '0'),
('1', '2019-02-22 16:47:47', 0, '0'),
('2', '2019-02-22 16:47:47', 0.008, '0'),
('1', '2019-02-22 16:47:51', -0, '0'),
('2', '2019-02-22 16:47:51', 0.013, '0'),
('1', '2019-02-22 16:47:54', 0, '0'),
('2', '2019-02-22 16:47:54', 0.012, '0'),
('1', '2019-02-22 16:47:57', 0, '0'),
('2', '2019-02-22 16:47:57', 0.018, '0'),
('1', '2019-02-22 16:49:05', 0, '0'),
('2', '2019-02-22 16:49:05', -0, '0'),
('1', '2019-02-22 16:49:08', 0, '0'),
('2', '2019-02-22 16:49:08', -0.001, '0'),
('1', '2019-02-22 16:49:11', 0, '0'),
('2', '2019-02-22 16:49:11', -0.001, '0'),
('1', '2019-02-22 16:49:14', 0, '0'),
('2', '2019-02-22 16:49:14', 0, '0'),
('1', '2019-02-22 16:49:17', -1.017, '1'),
('2', '2019-02-22 16:49:17', 0.002, '0'),
('1', '2019-02-22 16:49:21', 0, '0'),
('2', '2019-02-22 16:49:21', 0.001, '0'),
('1', '2019-02-22 16:49:25', 0, '0'),
('2', '2019-02-22 16:49:25', 0.001, '0'),
('1', '2019-02-22 16:49:30', 0, '0'),
('2', '2019-02-22 16:49:30', 0.003, '0'),
('1', '2019-02-22 16:49:33', -1.258, '1'),
('2', '2019-02-22 16:49:33', 0.003, '0'),
('1', '2019-02-22 16:49:36', 0, '0'),
('2', '2019-02-22 16:49:36', 0.004, '0'),
('1', '2019-02-22 16:49:38', -23.793, '1'),
('2', '2019-02-22 16:49:38', 0.004, '0'),
('1', '2019-02-22 16:49:44', -0.942, '1'),
('2', '2019-02-22 16:49:44', 0.007, '0'),
('1', '2019-02-22 16:49:47', 0, '0'),
('2', '2019-02-22 16:49:47', 0.007, '0'),
('1', '2019-02-22 16:49:50', 0, '0'),
('2', '2019-02-22 16:49:50', -0.281, '1'),
('1', '2019-02-22 16:49:53', 0, '0'),
('2', '2019-02-22 16:49:53', 0.008, '0'),
('1', '2019-02-22 16:49:56', 0, '0'),
('2', '2019-02-22 16:49:56', 0.007, '0'),
('1', '2019-02-22 16:49:59', 0, '0'),
('2', '2019-02-22 16:49:59', 0.007, '0'),
('1', '2019-02-22 16:50:02', 0, '0'),
('2', '2019-02-22 16:50:02', 0.007, '0'),
('1', '2019-02-22 16:50:05', 0, '0'),
('2', '2019-02-22 16:50:05', -0.35, '1'),
('1', '2019-02-22 16:50:14', 0, '0'),
('2', '2019-02-22 16:50:14', 0.008, '0'),
('1', '2019-02-22 16:50:17', 0, '0'),
('2', '2019-02-22 16:50:17', 0.011, '0'),
('1', '2019-02-22 16:50:20', -0.832, '1'),
('2', '2019-02-22 16:50:20', -0.291, '1'),
('1', '2019-02-22 16:50:22', -0.831, '1'),
('2', '2019-02-22 16:50:22', -0.294, '1'),
('1', '2019-02-22 16:50:25', -0.83, '1'),
('2', '2019-02-22 16:50:25', -0.294, '1'),
('1', '2019-02-22 16:50:29', -0.828, '1'),
('2', '2019-02-22 16:50:29', -0.293, '1'),
('1', '2019-02-22 16:50:33', 0, '0'),
('2', '2019-02-22 16:50:33', -0.298, '1'),
('1', '2019-02-22 16:50:36', 0, '0'),
('2', '2019-02-22 16:50:36', -0.3, '1'),
('1', '2019-02-22 16:50:39', 0, '0'),
('2', '2019-02-22 16:50:39', 0.011, '0'),
('1', '2019-02-22 16:50:42', 0, '0'),
('2', '2019-02-22 16:50:42', 0.01, '0'),
('1', '2019-02-22 16:50:45', 0, '0'),
('2', '2019-02-22 16:50:45', 0.011, '0'),
('1', '2019-02-22 16:50:47', 0, '0'),
('2', '2019-02-22 16:50:47', 0.011, '0'),
('1', '2019-02-22 16:50:52', 0, '0'),
('2', '2019-02-22 16:50:52', 0.016, '0'),
('1', '2019-02-22 16:50:55', -1.245, '1'),
('2', '2019-02-22 16:50:55', 0.018, '0'),
('1', '2019-02-22 16:50:58', -10.51, '1'),
('2', '2019-02-22 16:50:58', 0.018, '0'),
('1', '2019-02-22 16:51:01', -1.417, '1'),
('2', '2019-02-22 16:51:01', 0.019, '0'),
('1', '2019-02-22 16:51:03', -0.844, '1'),
('2', '2019-02-22 16:51:03', 0.016, '0'),
('1', '2019-02-22 16:51:06', 0, '0'),
('2', '2019-02-22 16:51:06', 0.017, '0'),
('1', '2019-02-22 16:51:10', 0, '0'),
('2', '2019-02-22 16:51:10', 0.017, '0'),
('1', '2019-02-22 16:51:13', 0, '0'),
('2', '2019-02-22 16:51:13', 0.017, '0'),
('1', '2019-02-22 16:51:16', 0, '0'),
('2', '2019-02-22 16:51:16', 0.017, '0'),
('1', '2019-02-22 16:51:19', 0, '0'),
('2', '2019-02-22 16:51:19', -0.004, '0'),
('1', '2019-02-22 16:51:22', 0, '0'),
('2', '2019-02-22 16:51:22', 0.01, '0'),
('1', '2019-02-22 16:51:25', 0, '0'),
('2', '2019-02-22 16:51:25', -0.026, '0'),
('1', '2019-02-22 16:51:28', 0, '0'),
('2', '2019-02-22 16:51:28', -0.013, '0'),
('1', '2019-02-22 16:51:32', 0, '0'),
('2', '2019-02-22 16:51:32', 0.015, '0'),
('1', '2019-02-22 16:51:35', 0, '0'),
('2', '2019-02-22 16:51:35', 0.003, '0'),
('1', '2019-02-22 16:51:38', 0, '0'),
('2', '2019-02-22 16:51:38', 0.002, '0'),
('1', '2019-02-22 16:51:41', 0, '0'),
('2', '2019-02-22 16:51:41', 0.004, '0'),
('1', '2019-02-22 16:51:44', 0, '0'),
('2', '2019-02-22 16:51:44', 0.006, '0'),
('1', '2019-02-22 16:51:47', 0, '0'),
('2', '2019-02-22 16:51:47', 0.009, '0'),
('1', '2019-02-22 16:51:50', 0, '0'),
('2', '2019-02-22 16:51:50', 0.004, '0'),
('1', '2019-02-22 16:51:53', 0, '0'),
('2', '2019-02-22 16:51:53', 0.005, '0'),
('1', '2019-02-22 16:51:57', 0, '0'),
('2', '2019-02-22 16:51:57', 0.004, '0'),
('1', '2019-02-22 16:52:00', 0, '0'),
('2', '2019-02-22 16:52:00', 0.006, '0'),
('1', '2019-02-22 16:52:03', 0, '0'),
('2', '2019-02-22 16:52:03', -0.214, '1'),
('1', '2019-02-22 16:52:13', 0, '0'),
('2', '2019-02-22 16:52:13', -0.09, '0'),
('1', '2019-02-22 16:52:16', 0, '0'),
('2', '2019-02-22 16:52:16', 0.016, '0'),
('1', '2019-02-22 16:52:19', 0, '0'),
('2', '2019-02-22 16:52:19', -0.008, '0'),
('1', '2019-02-22 16:52:24', 0, '0'),
('2', '2019-02-22 16:52:24', 0.028, '0');

-- --------------------------------------------------------

--
-- Table structure for table `topup`
--

CREATE TABLE `topup` (
  `id_topup` varchar(10) COLLATE utf8_unicode_ci NOT NULL,
  `user_input` varchar(10) COLLATE utf8_unicode_ci NOT NULL,
  `tgl_input` datetime NOT NULL,
  `nominal` int(11) NOT NULL,
  `flag` int(1) NOT NULL
) ENGINE=InnoDB DEFAULT CHARSET=utf8 COLLATE=utf8_unicode_ci;

--
-- Dumping data for table `topup`
--

INSERT INTO `topup` (`id_topup`, `user_input`, `tgl_input`, `nominal`, `flag`) VALUES
('t000000001', 'a000000002', '2019-01-24 00:59:10', 50000, 1),
('t000000002', 'a000000002', '2019-01-24 02:51:50', 90000, 1),
('t000000003', 'a000000002', '2019-01-24 14:47:39', 100000, 1),
('t000000004', 'a000000002', '2019-01-24 14:47:41', 100000, 1),
('t000000005', 'a000000002', '2019-01-24 14:47:56', 45000, 1),
('t000000006', 'a000000002', '2019-01-24 14:47:59', 45000, 1),
('t000000007', 'a000000000', '2019-02-09 06:04:14', 50000, 1),
('t000000008', 'a000000006', '2019-02-09 19:05:01', 555000, 1),
('t000000009', 'a000000005', '2019-02-09 20:04:04', 250000, 1),
('t000000010', 'a000000001', '2019-02-09 20:23:56', 2000, 1),
('t000000011', 'a000000001', '2019-02-09 20:24:05', 2000, 1),
('t000000012', 'a000000004', '2019-02-09 20:24:28', 2000, 1),
('t000000013', 'a000000004', '2019-02-09 20:24:32', 2000, 1),
('t000000014', 'a000000000', '2019-02-09 20:24:44', 20000, 1),
('t000000015', 'a000000001', '2019-02-09 20:25:01', 2000, 1),
('t000000016', 'a000000001', '2019-02-09 20:27:25', 2000, 1),
('t000000017', 'a000000001', '2019-02-09 20:27:25', 2000, 1),
('t000000018', 'a000000001', '2019-02-09 20:31:15', 700, 1),
('t000000019', 'a000000001', '2019-02-09 20:31:26', 500, 1),
('t000000020', 'a000000001', '2019-02-09 20:31:39', 200, 1),
('t000000021', 'a000000001', '2019-02-09 20:32:23', 2000, 1),
('t000000022', 'a000000001', '2019-02-09 20:32:30', 2600, 1),
('t000000023', 'a000000001', '2019-02-09 20:33:00', 5000, 1),
('t000000024', 'a000000001', '2019-02-09 20:36:26', 69999, 1),
('t000000025', 'a000000009', '2019-02-10 05:23:29', 50000, 1),
('t000000026', 'a000000010', '2019-02-13 19:31:21', 200000000, 1),
('t000000027', 'a000000010', '2019-02-13 19:31:34', 20000, 1),
('t000000028', 'a000000010', '2019-02-13 19:32:32', 2000, 1),
('t000000029', 'a000000001', '2019-02-14 13:05:12', 88800, 1);

--
-- Indexes for dumped tables
--

--
-- Indexes for table `account`
--
ALTER TABLE `account`
  ADD PRIMARY KEY (`id_account`);

--
-- Indexes for table `menu`
--
ALTER TABLE `menu`
  ADD PRIMARY KEY (`id_menu`);

--
-- Indexes for table `pesan`
--
ALTER TABLE `pesan`
  ADD PRIMARY KEY (`id_pesan`);

--
-- Indexes for table `topup`
--
ALTER TABLE `topup`
  ADD PRIMARY KEY (`id_topup`);
COMMIT;

/*!40101 SET CHARACTER_SET_CLIENT=@OLD_CHARACTER_SET_CLIENT */;
/*!40101 SET CHARACTER_SET_RESULTS=@OLD_CHARACTER_SET_RESULTS */;
/*!40101 SET COLLATION_CONNECTION=@OLD_COLLATION_CONNECTION */;
